openTime,open,high,low,close,volume,closeTime
1775570400000,0.10875,0.11005,0.10867,0.11005,8919.945,1775577599999
1775577600000,0.10868,0.10868,0.10868,0.10868,675.37638,1775584799999
1775592000000,0.11018,0.11162,0.11018,0.11114,10064.78872,1775599199999
1775599200000,0.11283,0.11283,0.11283,0.11283,88.62891,1775606399999
1775606400000,0.11365,0.11365,0.11365,0.11365,4561.29091,1775613599999
1775620800000,0.11262,0.11262,0.11262,0.11262,69.53916,1775627999999
1775628000000,0.11269,0.11269,0.11269,0.11269,88.56154,1775635199999
1775635200000,0.11346,0.1136,0.11346,0.11359,3388.72826,1775642399999
1775642400000,0.112,0.11233,0.112,0.1121,17899.77261,1775649599999
1775649600000,0.11211,0.11351,0.11211,0.11351,9254.71465,1775656799999
1775656800000,0.11172,0.11209,0.11149,0.11209,5926.12804,1775663999999
1775664000000,0.11209,0.1121,0.11185,0.11192,43058.67308,1775671199999
1775671200000,0.11186,0.11234,0.11138,0.1115,19850.34235,1775678399999
1775678400000,0.1112,0.11167,0.1112,0.11167,1482.79919,1775685599999
1775685600000,0.1109,0.11174,0.1106,0.11174,27966.22735,1775692799999
1775692800000,0.1121,0.11282,0.11174,0.11198,18902.874,1775699999999
1775700000000,0.11234,0.11319,0.11234,0.11319,2352.43012,1775707199999
1775707200000,0.11225,0.11225,0.11225,0.11225,69.74933,1775714399999
1775721600000,0.11306,0.1162,0.11305,0.11402,79734.3897,1775728799999
1775728800000,0.11449,0.11449,0.11449,0.11449,2251.50431,1775735999999
1775736000000,0.11318,0.1139,0.11284,0.1139,7324.31779,1775743199999
1775743200000,0.11383,0.11383,0.11286,0.11286,2342.16949,1775750399999
1775786400000,0.11606,0.11738,0.11606,0.11632,21920.84002,1775793599999
1775793600000,0.1182,0.11894,0.1182,0.11822,9385.58826,1775800799999
1775800800000,0.11882,0.11979,0.11846,0.11871,5535.36315,1775807999999
1775808000000,0.11607,0.11607,0.11595,0.11595,172.39897,1775815199999
1775822400000,0.11774,0.11774,0.11774,0.11774,420.04416,1775829599999
1775836800000,0.11535,0.11537,0.11502,0.11537,121.77309,1775843999999
1775844000000,0.11501,0.11501,0.11501,0.11501,418.34243,1775851199999
1775865600000,0.11522,0.11546,0.11522,0.11546,567.92271,1775872799999
1775872800000,0.11762,0.11762,0.11726,0.11726,1049.43512,1775879999999
1775880000000,0.11477,0.11478,0.1145,0.11462,7186.70484,1775887199999
1775887200000,0.11378,0.11426,0.11378,0.11426,1508.99106,1775894399999
1775894400000,0.11174,0.11174,0.11042,0.11042,2499.52818,1775901599999
1775901600000,0.11233,0.1127,0.11222,0.11269,4000.82533,1775908799999
1775916000000,0.11174,0.11174,0.11173,0.11173,766.27122,1775923199999
1775923200000,0.11198,0.11234,0.11198,0.11234,10623.38302,1775930399999
1775937600000,0.11256,0.11256,0.11256,0.11256,443.05259,1775944799999
1775944800000,0.11249,0.11249,0.11249,0.11249,4370.62398,1775951999999
1775952000000,0.11178,0.11178,0.1103,0.1103,9310.89269,1775959199999
1775959200000,0.1109,0.11102,0.11032,0.11032,4131.83397,1775966399999
1775995200000,0.10934,0.10934,0.10934,0.10934,1.1E-4,1776002399999
1776002400000,0.10938,0.10938,0.10764,0.10808,58285.97607,1776009599999
1776009600000,0.10855,0.10855,0.10849,0.10849,489.63018,1776016799999
1776016800000,0.10896,0.10922,0.10874,0.10874,468.32648,1776023999999
1776024000000,0.10929,0.10929,0.10896,0.10896,1241.86476,1776031199999
1776031200000,0.10827,0.10841,0.10775,0.10819,57348.58478,1776038399999
1776052800000,0.10885,0.10885,0.10863,0.10863,8987.53194,1776059999999
1776060000000,0.1095,0.10995,0.1095,0.10984,8742.04612,1776067199999
1776067200000,0.11102,0.11102,0.11102,0.11102,70.5349,1776074399999
1776074400000,0.11174,0.11174,0.11174,0.11174,4427.86571,1776081599999
1776081600000,0.11138,0.11138,0.11078,0.11078,4524.71944,1776088799999
1776088800000,0.1124,0.1124,0.11142,0.11142,1394.77851,1776095999999
1776096000000,0.11186,0.11186,0.11138,0.11138,2088.63953,1776103199999
1776103200000,0.11126,0.1121,0.11088,0.1121,6545.37204,1776110399999
1776110400000,0.11222,0.11241,0.11162,0.11215,1653.70451,1776117599999
1776124800000,0.11414,0.11414,0.11246,0.11342,5351.34477,1776131999999
1776139200000,0.11366,0.11382,0.1127,0.1133,22703.65298,1776146399999
1776146400000,0.11372,0.11372,0.11342,0.11342,3666.41546,1776153599999
1776160800000,0.1121,0.1121,0.1121,0.1121,1103.40824,1776167999999
1776168000000,0.11311,0.11311,0.11311,0.11311,53.36048,1776175199999
1776175200000,0.11286,0.11286,0.11234,0.11234,9689.18955,1776182399999
1776182400000,0.11246,0.11246,0.11081,0.11081,407.21468,1776189599999
1776189600000,0.11073,0.11073,0.11027,0.11027,470.97421,1776196799999
1776196800000,0.11095,0.11095,0.11053,0.11053,179.56357,1776203999999
1776211200000,0.11066,0.11066,0.11066,0.11066,282.70764,1776218399999
1776218400000,0.11078,0.11102,0.11078,0.11102,3524.10659,1776225599999
1776225600000,0.11099,0.11099,0.11099,0.11099,1123.53854,1776232799999
1776232800000,0.10963,0.10997,0.10963,0.10997,4629.39394,1776239999999
1776247200000,0.10995,0.1103,0.10995,0.1103,1626.23452,1776254399999
1776254400000,0.11055,0.11055,0.11055,0.11055,280.8922,1776261599999
1776261600000,0.11095,0.11186,0.11095,0.11186,19951.29932,1776268799999
1776268800000,0.11252,0.11448,0.11252,0.11448,14929.34692,1776275999999
1776276000000,0.11538,0.11538,0.11538,0.11538,202.10069,1776283199999
1776283200000,0.1157,0.1169,0.1157,0.11642,18138.99754,1776290399999
1776290400000,0.11594,0.11594,0.11528,0.11528,28678.95055,1776297599999
1776304800000,0.11774,0.1208,0.11774,0.12002,26705.24641,1776311999999
1776312000000,0.12041,0.1234,0.11786,0.11786,43503.32914,1776319199999
1776319200000,0.12011,0.12041,0.12011,0.12016,12722.34036,1776326399999
1776326400000,0.1199,0.12327,0.11966,0.12236,43181.417,1776333599999
1776333600000,0.12329,0.12353,0.11966,0.12029,101877.79506,1776340799999
1776340800000,0.12275,0.12522,0.12275,0.1247,39160.6822,1776347999999
1776348000000,0.12405,0.12778,0.12392,0.12619,73407.41386,1776355199999
1776355200000,0.12639,0.12766,0.12418,0.12441,31069.46959,1776362399999
1776362400000,0.12464,0.12786,0.12464,0.12786,17058.51357,1776369599999
1776369600000,0.12754,0.12943,0.12638,0.12638,33633.34186,1776376799999
1776376800000,0.12899,0.12925,0.1286,0.1286,10503.95222,1776383999999
1776384000000,0.1293,0.13255,0.1293,0.13129,88942.76304,1776391199999
1776391200000,0.13059,0.13059,0.12611,0.12611,5619.40477,1776398399999
1776398400000,0.12678,0.12692,0.12392,0.12459,82723.62461,1776405599999
1776405600000,0.12444,0.12444,0.12444,0.12444,205.25933,1776412799999
1776412800000,0.12422,0.12422,0.12422,0.12422,322.81437,1776419999999
1776420000000,0.12323,0.12536,0.12275,0.12536,15285.65836,1776427199999
1776427200000,0.12474,0.12587,0.12431,0.12496,95959.5495,1776434399999
1776434400000,0.12561,0.12561,0.12472,0.12472,12923.11361,1776441599999
1776441600000,0.1247,0.1247,0.12468,0.12468,1012.08189,1776448799999
1776448800000,0.12535,0.12574,0.12535,0.12561,2215.41086,1776455999999
1776463200000,0.12477,0.12477,0.12431,0.12444,998.08216,1776470399999
1776470400000,0.12457,0.12457,0.12353,0.12353,348.48918,1776477599999
1776477600000,0.12266,0.12266,0.1221,0.12223,12016.80263,1776484799999
1776484800000,0.12314,0.12314,0.12314,0.12314,691.33524,1776491999999
1776492000000,0.12301,0.12418,0.1221,0.1221,47120.32808,1776499199999
1776499200000,0.12249,0.12249,0.12132,0.12236,600.181,1776506399999
1776506400000,0.12153,0.12153,0.1208,0.12093,1446.56715,1776513599999
1776513600000,0.12101,0.12101,0.12101,0.12101,4100.72535,1776520799999
1776520800000,0.12093,0.12093,0.12093,0.12093,655.71409,1776527999999
1776528000000,0.11952,0.12028,0.11942,0.11954,3130.12043,1776535199999
1776535200000,0.11909,0.11909,0.11762,0.11762,1606.56223,1776542399999
1776542400000,0.11654,0.11654,0.116,0.116,1588.80097,1776549599999
1776549600000,0.11618,0.11618,0.11618,0.11618,356.28679,1776556799999
1776556800000,0.11474,0.11474,0.11474,0.11474,464.9272,1776563999999
1776564000000,0.1112,0.11186,0.11103,0.11174,15366.68961,1776571199999
1776578400000,0.11054,0.11066,0.11054,0.11066,4074.91854,1776585599999
1776585600000,0.11066,0.11114,0.11054,0.11057,14522.90769,1776592799999
1776592800000,0.1106,0.1127,0.1106,0.1127,16680.80267,1776599999999
1776600000000,0.11258,0.11402,0.11258,0.11402,9105.10478,1776607199999
1776607200000,0.112,0.112,0.11198,0.11198,237.49724,1776614399999
1776614400000,0.11246,0.11246,0.11246,0.11246,441.6801,1776621599999
1776621600000,0.11,0.11,0.11,0.11,54.0,1776628799999
1776628800000,0.11041,0.11041,0.10915,0.10915,5975.89857,1776635999999
1776636000000,0.10797,0.10819,0.10632,0.10819,7300.84628,1776643199999
1776643200000,0.1083,0.1094,0.10808,0.10808,23350.17717,1776650399999
1776657600000,0.11018,0.1103,0.11018,0.1103,1583.22334,1776664799999
1776664800000,0.11162,0.11162,0.1115,0.1115,8686.51538,1776671999999
1776679200000,0.11174,0.11211,0.11165,0.11165,1080.98736,1776686399999
1776686400000,0.11183,0.11203,0.11129,0.11129,909.54283,1776693599999
1776700800000,0.11198,0.11198,0.11174,0.11192,12313.68348,1776707999999
1776708000000,0.11234,0.11234,0.11222,0.11222,2298.49389,1776715199999
1776736800000,0.11372,0.11522,0.11372,0.11522,1060.34885,1776743999999
1776744000000,0.11572,0.11834,0.11542,0.11714,13093.39164,1776751199999
1776751200000,0.11702,0.11702,0.11645,0.11657,3433.94985,1776758399999
1776758400000,0.11481,0.11481,0.11481,0.11481,1361.61198,1776765599999
1776765600000,0.11822,0.12131,0.1181,0.12131,47541.09869,1776772799999
1776772800000,0.12068,0.12068,0.11558,0.11558,16952.93715,1776779999999
1776780000000,0.11665,0.11665,0.1163,0.1163,4355.94201,1776787199999
1776801600000,0.1151,0.11689,0.1151,0.11689,4405.12385,1776808799999
1776808800000,0.11567,0.11567,0.11567,0.11567,0.00145,1776815999999
1776816000000,0.12145,0.12327,0.1199,0.1199,71597.22375,1776823199999
1776823200000,0.11913,0.12016,0.11913,0.11978,5237.44965,1776830399999
1776830400000,0.12032,0.12314,0.12032,0.12133,24912.59046,1776837599999
1776837600000,0.12288,0.12288,0.12288,0.12288,412.57529,1776844799999
1776844800000,0.12142,0.12142,0.12041,0.12041,639.31192,1776851999999
1776852000000,0.12143,0.12143,0.11966,0.12004,720.79648,1776859199999
1776859200000,0.12029,0.12153,0.12029,0.12067,7526.4337,1776866399999
1776880800000,0.1214,0.1214,0.12139,0.12139,426.95758,1776887999999
1776895200000,0.11882,0.11882,0.11822,0.11822,374.98345,1776902399999
1776902400000,0.11687,0.11687,0.1164,0.1164,161.56516,1776909599999
1776909600000,0.1157,0.11731,0.1157,0.11731,10926.96522,1776916799999
1776916800000,0.11928,0.12015,0.11928,0.12015,6321.7398,1776923999999
1776924000000,0.12171,0.12171,0.12171,0.12171,109.12049,1776931199999
1776931200000,0.12151,0.12275,0.12134,0.12275,77227.56518,1776938399999
1776938400000,0.12322,0.12322,0.12262,0.12275,10494.92024,1776945599999
1776945600000,0.12119,0.12119,0.1208,0.12094,15803.69783,1776952799999
1776960000000,0.12327,0.12327,0.12327,0.12327,1322.0389,1776967199999
1776967200000,0.1219,0.1219,0.1219,0.1219,66.67518,1776974399999
1776981600000,0.12292,0.12327,0.12292,0.12327,4686.04211,1776988799999
1777010400000,0.12431,0.13142,0.12431,0.12971,69935.5149,1777017599999
1777017600000,0.12901,0.13268,0.12877,0.13213,21087.02595,1777024799999
1777024800000,0.12985,0.13428,0.12983,0.13428,31925.8927,1777031999999
1777032000000,0.13311,0.13678,0.13271,0.13452,67802.28622,1777039199999
1777039200000,0.13717,0.13829,0.13227,0.13582,128516.75943,1777046399999
1777046400000,0.13665,0.13955,0.13356,0.13576,23432.42259,1777053599999
1777053600000,0.13595,0.13661,0.13564,0.13571,32429.5089,1777060799999
1777060800000,0.13591,0.13619,0.13459,0.13459,12359.42901,1777067999999
1777068000000,0.136,0.136,0.13298,0.13298,3769.58558,1777075199999
1777075200000,0.13311,0.136,0.13311,0.136,10762.66174,1777082399999
1777082400000,0.13423,0.13423,0.13185,0.13185,4749.50762,1777089599999
1777089600000,0.13003,0.13003,0.12925,0.12925,635.98539,1777096799999
1777096800000,0.12993,0.12993,0.12756,0.12928,18735.84283,1777103999999
1777118400000,0.13066,0.13066,0.1286,0.1286,552.98406,1777125599999
1777125600000,0.12886,0.12886,0.12626,0.12626,20903.25709,1777132799999
1777132800000,0.12639,0.12639,0.12564,0.12564,4753.54754,1777139999999
1777140000000,0.12588,0.12588,0.12588,0.12588,39.56148,1777147199999
1777147200000,0.12473,0.12661,0.12473,0.12661,477.40493,1777154399999
1777161600000,0.12977,0.13367,0.12977,0.13185,27060.71389,1777168799999
1777168800000,0.13368,0.13473,0.13157,0.13473,10315.57174,1777175999999
1777176000000,0.13374,0.13374,0.12668,0.12668,15198.35429,1777183199999
1777190400000,0.1262,0.1262,0.1262,0.1262,158.47861,1777197599999
1777197600000,0.12497,0.12497,0.12394,0.12444,289.36358,1777204799999
1777204800000,0.12313,0.12314,0.12313,0.12314,1255.58024,1777211999999
1777212000000,0.12262,0.1227,0.12262,0.1227,550.04065,1777219199999
1777226400000,0.12106,0.12106,0.12041,0.12041,10373.35633,1777233599999
1777233600000,0.11978,0.11978,0.11918,0.11918,19416.95738,1777240799999
1777240800000,0.12017,0.12017,0.11919,0.11919,29047.80915,1777247999999
1777248000000,0.12041,0.12416,0.12036,0.12416,4231.21554,1777255199999
1777255200000,0.12496,0.12676,0.12496,0.12676,4865.69604,1777262399999
1777262400000,0.1267,0.1267,0.12616,0.12639,236.30622,1777269599999
1777269600000,0.12323,0.12323,0.11906,0.11906,3960.86328,1777276799999
1777276800000,0.11954,0.11954,0.11869,0.11869,82.2338,1777283999999
1777291200000,0.11888,0.11946,0.11875,0.11876,1676.81734,1777298399999
1777298400000,0.1199,0.12132,0.1199,0.12106,35546.02204,1777305599999
1777305600000,0.11958,0.12171,0.11958,0.12171,15707.51003,1777312799999
1777312800000,0.12024,0.12024,0.12024,0.12024,149.28476,1777319999999
1777320000000,0.12031,0.12079,0.12031,0.12079,5366.73741,1777327199999
1777327200000,0.11856,0.11865,0.11856,0.11865,155.64399,1777334399999
1777334400000,0.11786,0.11786,0.11714,0.11714,6759.04445,1777341599999
1777348800000,0.11762,0.11786,0.11762,0.11786,8074.83121,1777355999999
1777356000000,0.11663,0.11738,0.11583,0.11583,4660.18206,1777363199999
1777377600000,0.11883,0.11894,0.11882,0.11882,765.81536,1777384799999
1777384800000,0.11847,0.11859,0.11847,0.11859,1225.3182,1777391999999
1777392000000,0.1173,0.1173,0.1173,0.1173,759.66563,1777399199999
1777406400000,0.11615,0.1163,0.11594,0.11594,4847.30087,1777413599999
1777413600000,0.1163,0.1163,0.11195,0.11195,16584.83351,1777420799999
1777420800000,0.11308,0.11954,0.10958,0.11639,136221.27411,1777427999999
1777428000000,0.11538,0.11538,0.11534,0.11534,1239.52629,1777435199999
1777435200000,0.11402,0.11426,0.11367,0.11426,1284.09418,1777442399999
1777442400000,0.11425,0.11425,0.11425,0.11425,243.58862,1777449599999
1777449600000,0.11258,0.11498,0.11258,0.11498,7435.42983,1777456799999
1777456800000,0.11534,0.11662,0.11534,0.11562,6475.13562,1777463999999
1777464000000,0.11478,0.11522,0.11441,0.11455,17196.46149,1777471199999
1777471200000,0.11435,0.11621,0.11435,0.11556,6129.63213,1777478399999
1777478400000,0.11474,0.11582,0.11414,0.1157,6044.81353,1777485599999
1777485600000,0.11532,0.11534,0.11282,0.1133,70232.89803,1777492799999
1777492800000,0.11474,0.11618,0.11432,0.11432,32534.19086,1777499999999
1777507200000,0.11359,0.11618,0.11359,0.11604,2267.91849,1777514399999
1777514400000,0.11594,0.11594,0.11354,0.11366,9996.64296,1777521599999
1777521600000,0.1121,0.1127,0.1121,0.1127,2890.76546,1777528799999
1777528800000,0.11301,0.11302,0.11301,0.11302,441.18927,1777535999999
1777536000000,0.11186,0.11222,0.11186,0.11199,2041.21672,1777543199999
1777543200000,0.11066,0.11066,0.1102,0.1102,898.81016,1777550399999
1777572000000,0.11403,0.11403,0.11403,0.11403,70.33237,1777579199999
1777593600000,0.11225,0.11225,0.1121,0.1121,160.27329,1777600799999
1777608000000,0.11483,0.11499,0.11483,0.11499,460.22395,1777615199999
1777622400000,0.1139,0.1139,0.1139,0.1139,101.12967,1777629599999
1777629600000,0.11299,0.11299,0.11264,0.11264,170.62572,1777636799999
1777644000000,0.11402,0.1145,0.1139,0.11404,6355.59812,1777651199999
1777651200000,0.11426,0.11426,0.11426,0.11426,347.22588,1777658399999
1777658400000,0.11438,0.11438,0.11407,0.11407,4856.47798,1777665599999
1777687200000,0.1121,0.11211,0.11157,0.11157,1116.54719,1777694399999
1777708800000,0.11048,0.11048,0.11011,0.11011,10113.52866,1777715999999
1777716000000,0.11434,0.1145,0.11434,0.1145,9482.75424,1777723199999
1777723200000,0.11484,0.11558,0.11484,0.11522,17526.71895,1777730399999
1777730400000,0.11569,0.11569,0.11499,0.11499,1113.89083,1777737599999
1777744800000,0.11558,0.11591,0.11558,0.11591,6728.52202,1777751999999
1777759200000,0.11522,0.11522,0.11522,0.11522,2328.44957,1777766399999
1777766400000,0.1146,0.1146,0.11299,0.11299,158.11144,1777773599999
1777788000000,0.11351,0.11351,0.11308,0.11326,4576.8004,1777795199999
1777795200000,0.11438,0.11438,0.11403,0.11403,6062.83407,1777802399999
1777809600000,0.11822,0.11906,0.11822,0.11894,27239.30966,1777816799999
1777816800000,0.11918,0.12041,0.11859,0.11893,66648.69446,1777823999999
1777824000000,0.11902,0.11936,0.11882,0.11882,2199.52664,1777831199999
1777831200000,0.11894,0.12081,0.11894,0.12081,448.88912,1777838399999
1777838400000,0.12106,0.12106,0.12002,0.12002,27092.39678,1777845599999
1777852800000,0.11704,0.11798,0.11582,0.11767,16075.74957,1777859999999
1777860000000,0.1185,0.1185,0.1181,0.1181,2681.06929,1777867199999
1777867200000,0.11913,0.11913,0.11762,0.11762,4695.86721,1777874399999
1777874400000,0.11739,0.11782,0.11739,0.11782,74.39716,1777881599999
1777881600000,0.1181,0.1181,0.11742,0.11742,4222.48085,1777888799999
1777888800000,0.11726,0.11758,0.11582,0.11679,10347.39267,1777895999999
1777896000000,0.11776,0.11776,0.11776,0.11776,76.68139,1777903199999
1777903200000,0.1198,0.1205,0.11785,0.11823,5294.95712,1777910399999
1777910400000,0.11845,0.11858,0.11786,0.11837,10621.79792,1777917599999
1777917600000,0.1174,0.1174,0.1174,0.1174,864.0603,1777924799999
1777924800000,0.11701,0.11738,0.11646,0.11738,12846.12805,1777931999999
1777946400000,0.11584,0.11584,0.11584,0.11584,77.52072,1777953599999
1777960800000,0.11906,0.12245,0.11906,0.12028,85342.67709,1777967999999
1777968000000,0.119,0.11918,0.11741,0.11741,23361.76824,1777975199999
1777975200000,0.11767,0.11767,0.11735,0.11759,23032.8751,1777982399999
1777982400000,0.11666,0.11666,0.11604,0.11613,18682.09415,1777989599999
1777989600000,0.11573,0.11573,0.11462,0.11519,6531.4056,1777996799999
1777996800000,0.11385,0.11385,0.11331,0.11331,442.48814,1778003999999
1778018400000,0.11506,0.11546,0.11498,0.11498,11777.7646,1778025599999
1778054400000,0.11838,0.12028,0.11838,0.11969,60469.8819,1778061599999
1778061600000,0.11811,0.11811,0.11811,0.11811,42.33613,1778068799999
1778068800000,0.11685,0.11685,0.11685,0.11685,1706.78868,1778075999999
1778076000000,0.11535,0.11558,0.11512,0.11534,4093.18816,1778083199999
1778090400000,0.11474,0.11474,0.11474,0.11474,808.85385,1778097599999
1778104800000,0.11522,0.11522,0.11522,0.11522,115.79864,1778111999999
1778112000000,0.11385,0.11385,0.11385,0.11385,958.07312,1778119199999
1778119200000,0.11342,0.11374,0.11341,0.11374,11700.57382,1778126399999
1778126400000,0.11426,0.11426,0.11426,0.11426,854.68843,1778133599999
1778140800000,0.11815,0.11815,0.1181,0.1181,1215.005,1778147999999
1778148000000,0.11723,0.11723,0.11671,0.11671,136.95034,1778155199999
1778162400000,0.11608,0.11679,0.11607,0.11679,9907.4161,1778169599999
1778169600000,0.11926,0.11926,0.1185,0.1185,1233.65035,1778176799999
1778176800000,0.11954,0.1212,0.11954,0.1212,1245.22736,1778183999999
1778198400000,0.11876,0.11876,0.1187,0.1187,108.60526,1778205599999
1778205600000,0.11872,0.11872,0.1187,0.1187,1053.83903,1778212799999
1778227200000,0.11946,0.12002,0.11916,0.11916,31408.53493,1778234399999
1778234400000,0.11935,0.11935,0.11905,0.11916,470.3932,1778241599999
1778241600000,0.1205,0.12053,0.11972,0.11978,390.63405,1778248799999
1778270400000,0.12273,0.12338,0.12273,0.12338,18247.8154,1778277599999
1778277600000,0.12376,0.12376,0.12376,0.12376,2417.98642,1778284799999
1778299200000,0.12208,0.12209,0.12208,0.12209,408.45851,1778306399999
1778306400000,0.12191,0.12205,0.12161,0.12161,1925.13896,1778313599999
1778313600000,0.122,0.12395,0.122,0.12395,8778.66923,1778320799999
1778320800000,0.12381,0.12392,0.12361,0.12392,3504.98071,1778327999999
1778328000000,0.12274,0.12274,0.12273,0.12273,994.95385,1778335199999
1778371200000,0.12028,0.12028,0.11903,0.11903,20139.95113,1778378399999
1778385600000,0.12184,0.12184,0.12184,0.12184,811.54269,1778392799999
1778392800000,0.12288,0.12366,0.12237,0.12237,17253.29724,1778399999999
1778400000000,0.12406,0.12406,0.12406,0.12406,418.15993,1778407199999
1778407200000,0.12276,0.12276,0.12276,0.12276,713.3431,1778414399999
1778421600000,0.12353,0.12372,0.12353,0.12372,4975.24917,1778428799999
1778428800000,0.125,0.126,0.125,0.12522,1266.38537,1778435999999
1778443200000,0.12165,0.12165,0.12165,0.12165,310.62748,1778450399999
1778457600000,0.12363,0.12364,0.12363,0.12364,422.49482,1778464799999
1778486400000,0.12093,0.12093,0.12011,0.12093,12027.7862,1778493599999
1778500800000,0.12144,0.12144,0.1206,0.1206,202.37649,1778507999999
1778508000000,0.12133,0.12133,0.12121,0.12121,206.54374,1778515199999
1778544000000,0.12021,0.12021,0.12021,0.12021,49.91265,1778551199999
1778558400000,0.12056,0.12056,0.12055,0.12055,7176.37337,1778565599999
1778572800000,0.12039,0.12039,0.12039,0.12039,4833.59291,1778579999999
1778580000000,0.11907,0.11907,0.11906,0.11906,3586.9794,1778587199999
1778587200000,0.11883,0.11883,0.11875,0.11875,1575.13287,1778594399999
1778594400000,0.11785,0.11868,0.11653,0.11737,481.49272,1778601599999
1778601600000,0.11758,0.11758,0.11758,0.11758,137.36,1778608799999
1778616000000,0.11787,0.11837,0.11787,0.11837,667.44904,1778623199999
1778623200000,0.11811,0.11811,0.11796,0.11796,425.23511,1778630399999
1778659200000,0.11858,0.12002,0.11858,0.12002,651.98564,1778666399999
1778673600000,0.11728,0.11749,0.11628,0.11628,26401.14549,1778680799999
1778680800000,0.11582,0.11654,0.1151,0.1151,16068.83544,1778687999999
1778688000000,0.11576,0.11576,0.11574,0.11574,1193.96146,1778695199999
1778702400000,0.11546,0.11546,0.11546,0.11546,2335.59259,1778709599999
1778745600000,0.11263,0.11263,0.11263,0.11263,41.0079,1778752799999
1778760000000,0.11362,0.11362,0.11362,0.11362,219.47867,1778767199999
1778788800000,0.11497,0.11497,0.11497,0.11497,43.66357,1778795999999
1778796000000,0.11491,0.11509,0.11491,0.11509,128.99607,1778803199999
1778832000000,0.11448,0.11448,0.11448,0.11448,463.66177,1778839199999
1778839200000,0.11427,0.11428,0.11427,0.11428,4313.47179,1778846399999
1778853600000,0.11197,0.11197,0.11197,0.11197,1266.16512,1778860799999
1778868000000,0.11159,0.11159,0.11159,0.11159,114.17092,1778875199999
1778889600000,0.11318,0.11318,0.11318,0.11318,886.57937,1778896799999
1778896800000,0.11271,0.11271,0.11271,0.11271,138.87209,1778903999999
1778904000000,0.1119,0.1119,0.1119,0.1119,1031.06042,1778911199999
1778911200000,0.11294,0.11294,0.11008,0.11008,12346.60851,1778918399999
1778918400000,0.11045,0.11045,0.11045,0.11045,2211.22376,1778925599999
1778961600000,0.11088,0.11088,0.11088,0.11088,80.0,1778968799999
1778976000000,0.11112,0.11112,0.11079,0.11079,92.55116,1778983199999
1778983200000,0.11079,0.11079,0.11079,0.11079,47.73475,1778990399999
1778997600000,0.1121,0.1121,0.1121,0.1121,44.42462,1779004799999
1779004800000,0.11139,0.11139,0.11139,0.11139,1266.16512,1779011999999
1779012000000,0.11265,0.11265,0.11265,0.11265,44.20772,1779019199999
1779055200000,0.1084,0.1084,0.10742,0.10753,1150.83039,1779062399999
1779069600000,0.11019,0.11019,0.11019,0.11019,1127.47366,1779076799999
1779084000000,0.10962,0.10962,0.10907,0.10908,12114.2621,1779091199999
1779091200000,0.10922,0.10962,0.10922,0.10962,108.82361,1779098399999
1779098400000,0.10993,0.11114,0.10993,0.11078,15595.25887,1779105599999
1779105600000,0.11302,0.11303,0.11163,0.11163,12505.82887,1779112799999
1779112800000,0.11138,0.11138,0.11131,0.11131,1005.17725,1779119999999
1779120000000,0.11321,0.11321,0.11321,0.11321,9632.49776,1779127199999
1779127200000,0.11407,0.11431,0.11407,0.11431,788.32136,1779134399999
1779148800000,0.11502,0.11502,0.11502,0.11502,550.28962,1779155999999
1779163200000,0.11642,0.1175,0.11642,0.11678,3593.53695,1779170399999
1779170400000,0.11703,0.1174,0.11703,0.1174,491.87871,1779177599999
1779184800000,0.11666,0.11666,0.11666,0.11666,43.71678,1779191999999
1779192000000,0.11786,0.11786,0.11786,0.11786,651.06178,1779199199999
1779199200000,0.116,0.11636,0.116,0.11636,1006.27754,1779206399999
1779206400000,0.11785,0.11785,0.11785,0.11785,736.52948,1779213599999
1779213600000,0.11724,0.11724,0.11724,0.11724,416.83725,1779220799999
1779220800000,0.11656,0.11656,0.11655,0.11655,416.83725,1779227999999
1779228000000,0.11592,0.11592,0.11592,0.11592,703.58868,1779235199999
1779249600000,0.11581,0.11581,0.11581,0.11581,43.00146,1779256799999
1779256800000,0.11749,0.11906,0.11749,0.11906,1425.12804,1779263999999
1779264000000,0.12038,0.12141,0.1199,0.1203,47362.50193,1779271199999
1779271200000,0.12184,0.12351,0.12184,0.1234,4542.97915,1779278399999
1779285600000,0.12249,0.12262,0.12184,0.12249,20871.92897,1779292799999
1779292800000,0.12267,0.12523,0.12252,0.12523,9008.64039,1779299999999
1779307200000,0.12425,0.12425,0.12369,0.12369,1469.53817,1779314399999
1779314400000,0.125,0.12547,0.125,0.12547,631.24,1779321599999
1779328800000,0.12273,0.12273,0.12273,0.12273,554.0,1779335999999
1779343200000,0.12631,0.12788,0.12618,0.12618,17037.32219,1779350399999
1779350400000,0.12479,0.12479,0.12479,0.12479,80.13462,1779357599999
1779357600000,0.12407,0.12407,0.12407,0.12407,0.01144,1779364799999
1779364800000,0.12819,0.13096,0.12765,0.13096,5444.92886,1779371999999
1779372000000,0.12808,0.12828,0.12752,0.12761,1615.1967,1779379199999
1779379200000,0.12647,0.12648,0.12647,0.12648,1257.75984,1779386399999
1779386400000,0.12434,0.125,0.12434,0.125,1331.55605,1779393599999
1779393600000,0.12414,0.12483,0.12405,0.12405,16141.87662,1779400799999
1779400800000,0.12431,0.12431,0.12288,0.1232,7119.90959,1779407999999
1779436800000,0.11944,0.11944,0.11918,0.11918,692.91827,1779443999999
1779444000000,0.11846,0.11846,0.11846,0.11846,111.43002,1779451199999
1779451200000,0.11868,0.11868,0.118,0.118,462.96407,1779458399999
1779458400000,0.11712,0.11712,0.11628,0.11628,1328.80666,1779465599999
1779465600000,0.11612,0.11612,0.11612,0.11612,854.77391,1779472799999
1779472800000,0.115,0.11531,0.11454,0.11454,257.1743,1779479999999
1779480000000,0.11528,0.11528,0.11528,0.11528,43.28591,1779487199999
1779508800000,0.11446,0.11446,0.11446,0.11446,43.50864,1779515999999
1779516000000,0.11102,0.11102,0.11038,0.11038,4732.95601,1779523199999
1779537600000,0.11029,0.11029,0.11029,0.11029,89.24568,1779544799999
1779552000000,0.11392,0.11392,0.11392,0.11392,175.12289,1779559199999
1779609600000,0.11287,0.11287,0.11287,0.11287,44.12155,1779616799999
1779631200000,0.10981,0.10981,0.10981,0.10981,3471.6423,1779638399999
1779638400000,0.11137,0.11138,0.11137,0.11138,5862.6129,1779645599999
1779652800000,0.10901,0.10927,0.10901,0.10927,1021.72763,1779659999999
1779696000000,0.11008,0.11008,0.11008,0.11008,1366.09739,1779703199999
1779724800000,0.1107,0.11121,0.1107,0.1112,663.79225,1779731999999
1779746400000,0.10946,0.10946,0.10946,0.10946,0.00457,1779753599999
1779753600000,0.10784,0.10784,0.1075,0.1075,3354.21834,1779760799999
1779760800000,0.10797,0.10798,0.10797,0.10798,1378.19455,1779767999999
1779775200000,0.10748,0.10748,0.10748,0.10748,120.58057,1779782399999
1779796800000,0.10851,0.10851,0.10851,0.10851,2757.81034,1779803999999
1779818400000,0.1018,0.1018,0.1018,0.1018,2356.08074,1779825599999
1779825600000,0.1,0.1,0.0988,0.0988,251.61457,1779832799999
1779832800000,0.1,0.1,0.1,0.1,100.0,1779839999999
1779861600000,0.09798,0.09798,0.09585,0.0961,1805.22963,1779868799999
1779868800000,0.09625,0.09625,0.09625,0.09625,705.77185,1779875999999
1779876000000,0.09687,0.09687,0.09687,0.09687,51.4091,1779883199999
1779883200000,0.09687,0.09687,0.09577,0.09577,157.60457,1779890399999
1779890400000,0.0963,0.0963,0.0963,0.0963,1617.17575,1779897599999
1779897600000,0.0974,0.0974,0.09545,0.09545,927.37057,1779904799999
1779904800000,0.09619,0.09619,0.09619,0.09619,103.96091,1779911999999
1779912000000,0.094,0.094,0.094,0.094,10611.70213,1779919199999
1779926400000,0.09316,0.09316,0.09316,0.09316,107.3422,1779933599999
1779933600000,0.09256,0.09256,0.09256,0.09256,17286.0847,1779940799999
1779940800000,0.09118,0.09118,0.08801,0.08883,32804.16603,1779947999999
1779948000000,0.08844,0.09058,0.08844,0.09058,18426.82595,1779955199999
1779955200000,0.08957,0.09123,0.08957,0.09123,3853.24124,1779962399999
1779969600000,0.08878,0.08878,0.08878,0.08878,112.63798,1779976799999
1779976800000,0.08882,0.08927,0.08872,0.08872,886.85004,1779983999999
1779991200000,0.08954,0.08954,0.08954,0.08954,223.36384,1779998399999
1780012800000,0.08988,0.09016,0.08921,0.08921,1270.96808,1780019999999
1780020000000,0.08866,0.08873,0.08721,0.08721,3518.50691,1780027199999
1780027200000,0.0873,0.0873,0.0873,0.0873,203.0019,1780034399999
1780048800000,0.08636,0.08636,0.08565,0.08581,8021.91489,1780055999999
1780056000000,0.08577,0.08615,0.085,0.0852,1521.3536,1780063199999
1780063200000,0.08537,0.08653,0.08456,0.08628,1533.6788,1780070399999
1780070400000,0.0872,0.0872,0.08669,0.08669,12114.75273,1780077599999
1780077600000,0.08506,0.08553,0.08506,0.08553,1516.34631,1780084799999
1780084800000,0.08615,0.08615,0.08615,0.08615,292.2951,1780091999999
1780092000000,0.08608,0.08616,0.08608,0.08616,224.37553,1780099199999
1780106400000,0.08642,0.08642,0.0863,0.0863,347.45022,1780113599999
1780113600000,0.08703,0.08708,0.08703,0.08708,985.84714,1780120799999
1780128000000,0.08503,0.08503,0.08503,0.08503,117.60555,1780135199999
1780142400000,0.08465,0.08465,0.08349,0.08356,1842.49351,1780149599999
1780149600000,0.08398,0.08558,0.08398,0.08558,1599.09531,1780156799999
1780156800000,0.08431,0.08431,0.08431,0.08431,57.22477,1780163999999
1780178400000,0.08453,0.08453,0.08342,0.0836,11281.56383,1780185599999
1780192800000,0.08505,0.08505,0.08505,0.08505,117.57789,1780199999999
1780207200000,0.08458,0.08458,0.08458,0.08458,775.92091,1780214399999
1780214400000,0.08242,0.08253,0.08174,0.08243,1593.77054,1780221599999
1780221600000,0.08218,0.08218,0.08218,0.08218,780.05829,1780228799999
1780250400000,0.08189,0.08189,0.08189,0.08189,122.11503,1780257599999
1780272000000,0.0846,0.0846,0.0846,0.0846,118.2033,1780279199999
1780286400000,0.08541,0.08541,0.08445,0.08445,1567.50075,1780293599999
1780308000000,0.08169,0.08169,0.08169,0.08169,3.6E-4,1780315199999
1780315200000,0.08142,0.08142,0.08055,0.08055,1623.96222,1780322399999
1780322400000,0.08038,0.08124,0.08037,0.08072,911.39968,1780329599999
1780336800000,0.08276,0.08276,0.08276,0.08276,773.13253,1780343999999
1780344000000,0.08261,0.08261,0.08261,0.08261,5813.1999,1780351199999
1780380000000,0.08053,0.08086,0.08053,0.08086,10709.57377,1780387199999
1780387200000,0.08089,0.08089,0.08085,0.08085,7349.64366,1780394399999
1780394400000,0.08082,0.08105,0.08082,0.08105,396.50566,1780401599999
1780401600000,0.08152,0.08199,0.08152,0.08175,12246.53073,1780408799999
1780408800000,0.08013,0.08013,0.07751,0.07751,13731.97316,1780415999999
1780416000000,0.07938,0.07938,0.07936,0.07936,12631.41937,1780423199999
1780423200000,0.07855,0.07855,0.07782,0.07782,1146.18297,1780430399999
1780437600000,0.07633,0.07633,0.07457,0.07457,9026.26657,1780444799999
1780444800000,0.0763,0.0763,0.07598,0.07621,18779.27978,1780451999999
1780452000000,0.07358,0.07372,0.07358,0.07372,366.91841,1780459199999
1780466400000,0.0779,0.0795,0.0779,0.0791,39083.75847,1780473599999
1780473600000,0.0787,0.0787,0.0787,0.0787,3799.79135,1780480799999
1780480800000,0.08036,0.08036,0.08036,0.08036,3111.22256,1780487999999
1780488000000,0.07997,0.07997,0.07969,0.07969,5057.06145,1780495199999
1780495200000,0.07936,0.07936,0.07917,0.07917,3412.43912,1780502399999
1780502400000,0.07881,0.07903,0.0784,0.07903,278.5454,1780509599999
1780509600000,0.07839,0.07839,0.07823,0.07823,13241.07025,1780516799999
1780516800000,0.07894,0.07894,0.07845,0.07881,1871.2947,1780523999999
1780524000000,0.07818,0.07818,0.07818,0.07818,127.90995,1780531199999
1780531200000,0.07684,0.07684,0.07577,0.07583,3156.62744,1780538399999
1780538400000,0.07158,0.07515,0.07046,0.07515,18002.71181,1780545599999
1780545600000,0.07516,0.07529,0.07334,0.07334,1892.28096,1780552799999
1780574400000,0.07304,0.07304,0.07304,0.07304,136.91128,1780581599999
1780596000000,0.07442,0.07444,0.07442,0.07444,3360.56075,1780603199999
1780603200000,0.07518,0.07518,0.07486,0.07494,14972.56043,1780610399999
1780610400000,0.0724,0.0724,0.07234,0.07234,2903.21096,1780617599999
1780617600000,0.07265,0.07265,0.07265,0.07265,137.64624,1780624799999
1780624800000,0.06972,0.06992,0.06972,0.06992,1176.70349,1780631999999
1780632000000,0.07065,0.07065,0.07065,0.07065,283.08562,1780639199999
1780639200000,0.06954,0.06954,0.06782,0.06868,32244.86264,1780646399999
1780646400000,0.06796,0.06902,0.06768,0.06902,27969.3685,1780653599999
1780653600000,0.06949,0.06949,0.06922,0.06949,502.87367,1780660799999
1780660800000,0.06894,0.06992,0.06747,0.06747,24995.52339,1780667999999
1780668000000,0.06747,0.06873,0.06621,0.0667,357007.05898,1780675199999
1780675200000,0.06614,0.06754,0.066,0.06754,23640.988,1780682399999
1780682400000,0.066,0.06649,0.0649,0.06621,7944.63636,1780689599999
1780689600000,0.06767,0.0691,0.06767,0.06901,3893.89038,1780696799999
1780704000000,0.06838,0.06845,0.06769,0.06769,2335.29317,1780711199999
1780718400000,0.06475,0.06495,0.06432,0.06488,13099.6587,1780725599999
1780725600000,0.0649,0.06558,0.06476,0.06523,4440.55762,1780732799999
1780732800000,0.066,0.06635,0.06537,0.06537,3499.40757,1780739999999
1780740000000,0.06487,0.06502,0.06418,0.06502,11616.11818,1780747199999
1780754400000,0.06568,0.06568,0.06511,0.06511,305.83957,1780761599999
1780761600000,0.06601,0.06642,0.066,0.06642,319.93495,1780768799999
1780768800000,0.0653,0.06593,0.0653,0.06593,1252.93426,1780775999999
1780776000000,0.06582,0.06649,0.06582,0.06649,3923.8257,1780783199999
1780783200000,0.06614,0.06614,0.06607,0.06607,6776.60196,1780790399999
1780790400000,0.0674,0.0674,0.0674,0.0674,382.3819,1780797599999
1780804800000,0.06678,0.06726,0.06677,0.06719,9902.37399,1780811999999
1780812000000,0.06698,0.06698,0.06698,0.06698,1717.15535,1780819199999
1780819200000,0.06839,0.06839,0.06813,0.06813,6178.0406,1780826399999
1780833600000,0.06682,0.06682,0.066,0.06629,2111.08038,1780840799999
1780840800000,0.06661,0.06661,0.0662,0.06623,904.29448,1780847999999
1780848000000,0.06674,0.06722,0.06674,0.06722,2379.24531,1780855199999
1780855200000,0.06525,0.06525,0.06525,0.06525,152.49042,1780862399999
1780862400000,0.06525,0.06525,0.06525,0.06525,153.2567,1780869599999
1780869600000,0.06585,0.06817,0.06585,0.06719,8295.30233,1780876799999
1780876800000,0.06705,0.06705,0.06705,0.06705,195.46538,1780883999999
1780884000000,0.06651,0.06652,0.06636,0.0664,946.5738,1780891199999
1780891200000,0.06586,0.06586,0.06586,0.06586,49.33293,1780898399999
1780898400000,0.06649,0.06649,0.06616,0.06628,990.80168,1780905599999
1780905600000,0.06632,0.06691,0.06612,0.06684,9843.47022,1780912799999
1780912800000,0.06704,0.06922,0.06704,0.06873,3740.01784,1780919999999
1780920000000,0.06873,0.06873,0.06731,0.06747,15527.64385,1780927199999
1780927200000,0.06733,0.06733,0.06705,0.06719,9717.55436,1780934399999
1780934400000,0.06712,0.0678,0.06712,0.06747,5020.47162,1780941599999
1780941600000,0.06733,0.06733,0.06656,0.06656,3225.95876,1780948799999
1780948800000,0.06646,0.06646,0.06646,0.06646,277.76106,1780955999999
1780956000000,0.06703,0.06712,0.06628,0.06628,9091.07195,1780963199999
1780963200000,0.06558,0.06558,0.0646,0.0646,3947.09385,1780970399999
1780970400000,0.06397,0.06397,0.06326,0.06384,5009.21277,1780977599999
1780977600000,0.06383,0.06517,0.06383,0.06517,5370.52456,1780984799999
1780984800000,0.0656,0.0656,0.06446,0.06486,10363.52494,1780991999999
1780992000000,0.06453,0.0646,0.06362,0.06383,40000.93149,1780999199999
1780999200000,0.06383,0.06495,0.06369,0.06495,79185.51147,1781006399999
1781006400000,0.06495,0.06516,0.06404,0.06404,29218.12863,1781013599999
1781013600000,0.0639,0.06404,0.06222,0.0625,55524.83555,1781020799999
1781020800000,0.06166,0.06313,0.06166,0.06313,12618.57491,1781027999999
1781028000000,0.06264,0.06264,0.06264,0.06264,1596.42401,1781035199999
1781035200000,0.0629,0.0629,0.06249,0.06249,5554.47173,1781042399999
1781049600000,0.06145,0.06195,0.06138,0.06195,2111.755,1781056799999
1781056800000,0.06229,0.06285,0.06222,0.06257,19188.75744,1781063999999
1781064000000,0.06285,0.06299,0.06124,0.06138,33044.24134,1781071199999
1781071200000,0.06124,0.06292,0.0611,0.06292,32781.2519,1781078399999
1781078400000,0.06285,0.06376,0.06201,0.06376,17491.93693,1781085599999
1781085600000,0.06432,0.06432,0.06383,0.06383,650.91106,1781092799999
1781092800000,0.06313,0.06628,0.06306,0.06573,84195.48747,1781099999999
1781100000000,0.06621,0.0711,0.06502,0.07057,221136.68443,1781107199999
1781107200000,0.07062,0.0795,0.06916,0.07141,1666002.89287,1781114399999
1781114400000,0.07129,0.07621,0.07086,0.07387,352487.69716,1781121599999
1781121600000,0.07336,0.07414,0.0665,0.0665,287241.61965,1781128799999
1781128800000,0.06678,0.06887,0.06626,0.06852,194086.64502,1781135999999
1781136000000,0.06836,0.06836,0.06593,0.06747,98813.01623,1781143199999
1781143200000,0.06756,0.06782,0.06593,0.06767,61133.29102,1781150399999
1781150400000,0.06789,0.07011,0.06765,0.06845,57980.08926,1781157599999
1781157600000,0.06794,0.06865,0.0671,0.06747,74585.40284,1781164799999
1781164800000,0.06703,0.06888,0.06703,0.06796,21110.38736,1781171999999
1781172000000,0.06801,0.06902,0.06733,0.06902,35613.05078,1781179199999
1781179200000,0.06946,0.07106,0.06929,0.07106,103749.2978,1781186399999
1781186400000,0.07067,0.07171,0.07022,0.07038,200681.27955,1781193599999
1781193600000,0.07057,0.07094,0.06955,0.07094,174670.54974,1781200799999
1781200800000,0.0711,0.0711,0.06988,0.07005,43737.64255,1781207999999
1781208000000,0.06976,0.06976,0.06903,0.06903,3702.9038,1781215199999
1781215200000,0.06892,0.06929,0.06812,0.06812,4767.79602,1781222399999
1781222400000,0.07014,0.07019,0.06865,0.06865,6506.48481,1781229599999
1781229600000,0.0706,0.07086,0.0706,0.07086,3238.06862,1781236799999
1781236800000,0.07186,0.07422,0.07178,0.07178,38904.04286,1781243999999
1781244000000,0.07173,0.07173,0.06999,0.07014,8327.23753,1781251199999
1781251200000,0.07022,0.07022,0.06969,0.06969,1949.21103,1781258399999
1781258400000,0.06987,0.07014,0.0698,0.07014,12297.11811,1781265599999
1781265600000,0.0695,0.0695,0.06782,0.06782,3850.71812,1781272799999
1781272800000,0.06832,0.06895,0.06832,0.06873,3124.09409,1781279999999
1781280000000,0.06789,0.0681,0.0672,0.06782,16675.24284,1781287199999
1781287200000,0.06705,0.06717,0.0667,0.06717,3889.18595,1781294399999
1781294400000,0.0664,0.0664,0.0664,0.0664,87.6506,1781301599999
1781308800000,0.06712,0.06719,0.06712,0.06719,8606.74304,1781315999999
1781316000000,0.06551,0.06551,0.06551,0.06551,680.54345,1781323199999
1781323200000,0.06537,0.06537,0.06475,0.06475,1074.18135,1781330399999
1781330400000,0.06544,0.06615,0.06544,0.06615,788.82955,1781337599999
1781337600000,0.06627,0.06627,0.06627,0.06627,366.98354,1781344799999
1781344800000,0.06609,0.06609,0.06609,0.06609,931.16446,1781351999999
1781352000000,0.0668,0.0668,0.0662,0.0662,173.43504,1781359199999
1781359200000,0.06598,0.06598,0.06594,0.06594,3472.87691,1781366399999
1781366400000,0.06563,0.06563,0.06558,0.06558,5658.81732,1781373599999
1781380800000,0.066,0.066,0.066,0.066,527.94105,1781387999999
1781402400000,0.06635,0.06635,0.06635,0.06635,733.69127,1781409599999
1781409600000,0.06825,0.06825,0.06782,0.06789,12243.49309,1781416799999
1781416800000,0.06969,0.06991,0.06919,0.06991,16055.61056,1781423999999
1781424000000,0.06901,0.06901,0.06866,0.06866,502.77865,1781431199999
1781431200000,0.06803,0.06803,0.06699,0.06699,665.14475,1781438399999
1781438400000,0.06742,0.06742,0.06609,0.06609,16261.56237,1781445599999
1781445600000,0.06782,0.06782,0.06654,0.06654,5712.38336,1781452799999
1781452800000,0.06679,0.06697,0.06679,0.06697,853.03731,1781459999999
1781467200000,0.06656,0.06901,0.06656,0.06866,15501.28985,1781474399999
1781474400000,0.0688,0.0688,0.0681,0.06827,16658.30858,1781481599999
1781481600000,0.06837,0.06837,0.06792,0.06792,293.49501,1781488799999
1781488800000,0.06799,0.06799,0.06799,0.06799,147.08045,1781495999999
1781496000000,0.06767,0.06838,0.06767,0.06838,14714.81923,1781503199999
1781503200000,0.06796,0.06796,0.06768,0.06773,3300.6515,1781510399999
1781510400000,0.06747,0.06747,0.0673,0.0673,25706.74959,1781517599999
1781517600000,0.06747,0.06825,0.06747,0.06825,72.96765,1781524799999
1781524800000,0.06914,0.06914,0.06835,0.06835,5114.27308,1781531999999
1781532000000,0.06797,0.06797,0.06797,0.06797,1.9E-4,1781539199999
1781539200000,0.06838,0.06838,0.06747,0.06782,55943.71878,1781546399999
1781546400000,0.067,0.067,0.067,0.067,89.25373,1781553599999
1781560800000,0.06628,0.06637,0.06565,0.06637,1420.02597,1781567999999
1781568000000,0.06544,0.06544,0.06501,0.06502,4137.18194,1781575199999
1781575200000,0.06413,0.06413,0.0639,0.0639,6339.53584,1781582399999
1781582400000,0.06432,0.06432,0.06432,0.06432,303.77457,1781589599999
1781589600000,0.06439,0.06481,0.06439,0.06481,1085.35055,1781596799999
1781604000000,0.06442,0.06442,0.06406,0.06438,776.82235,1781611199999
1781611200000,0.0645,0.0645,0.0636,0.06372,18065.80936,1781618399999
1781618400000,0.06303,0.06343,0.06207,0.06327,2677.13947,1781625599999
1781625600000,0.06334,0.06334,0.06292,0.06313,15787.27039,1781632799999
1781640000000,0.06292,0.06292,0.06292,0.06292,612.27612,1781647199999
1781647200000,0.06306,0.06306,0.06306,0.06306,6719.099,1781654399999
1781654400000,0.06502,0.06516,0.06376,0.0638,18351.74361,1781661599999
1781661600000,0.06432,0.06432,0.06278,0.06313,30301.11184,1781668799999
1781668800000,0.06215,0.06237,0.06201,0.06237,17248.65346,1781675999999
1781676000000,0.06243,0.06305,0.06243,0.06305,542.32892,1781683199999
1781690400000,0.0626,0.0626,0.0626,0.0626,144.6341,1781697599999
1781704800000,0.06341,0.06353,0.0632,0.0632,26269.84105,1781711999999
1781719200000,0.06404,0.06413,0.06257,0.06284,618632.93679,1781726399999
1781726400000,0.06292,0.06333,0.06268,0.06296,25770.99537,1781733599999
1781733600000,0.06297,0.06297,0.06297,0.06297,795.0,1781740799999
1781740800000,0.06355,0.06453,0.06355,0.06411,6748.12786,1781747999999
1781748000000,0.06404,0.06404,0.06404,0.06404,254.23382,1781755199999
1781755200000,0.0632,0.0632,0.06222,0.06299,10184.22045,1781762399999
1781762400000,0.06285,0.06341,0.06278,0.06334,9764.53813,1781769599999
1781769600000,0.06327,0.06327,0.06292,0.0632,2757.87022,1781776799999
1781776800000,0.06322,0.06322,0.0626,0.0626,168.38915,1781783999999
1781784000000,0.06243,0.06285,0.062,0.06201,42940.2823,1781791199999
1781791200000,0.06222,0.06271,0.06026,0.06026,116660.68525,1781798399999
1781798400000,0.06042,0.06042,0.05963,0.06042,5798.05035,1781805599999
1781805600000,0.05999,0.06061,0.05999,0.06061,1629.7154,1781812799999
1781812800000,0.06047,0.06047,0.06026,0.06033,1393.06727,1781819999999
1781820000000,0.06033,0.06033,0.0598,0.0598,17491.45984,1781827199999
1781827200000,0.05987,0.06089,0.05975,0.06075,35247.21784,1781834399999
1781834400000,0.06117,0.06117,0.06012,0.0609,47088.60097,1781841599999
1781841600000,0.06117,0.06181,0.06092,0.06152,42325.02963,1781848799999
1781848800000,0.06152,0.06208,0.06117,0.06117,4393.32965,1781855999999
1781856000000,0.06103,0.06117,0.06001,0.06001,85821.02095,1781863199999
1781863200000,0.06054,0.06054,0.0604,0.06047,3874.50985,1781870399999
1781870400000,0.06007,0.06007,0.05999,0.05999,5434.7188,1781877599999
1781877600000,0.06061,0.06061,0.06061,0.06061,224.10419,1781884799999
1781884800000,0.06068,0.06075,0.06054,0.06075,6060.93465,1781891999999
1781892000000,0.06068,0.06068,0.05999,0.05999,15395.63075,1781899199999
1781899200000,0.06012,0.06012,0.05981,0.05987,7225.98168,1781906399999
1781913600000,0.0604,0.0604,0.05999,0.05999,1753.00452,1781920799999
1781920800000,0.05981,0.05987,0.05933,0.05933,14396.36936,1781927999999
1781928000000,0.05987,0.05999,0.05963,0.05999,599.04724,1781935199999
1781935200000,0.06054,0.06054,0.06033,0.06033,11347.71512,1781942399999
1781942400000,0.06054,0.06054,0.06054,0.06054,5565.89741,1781949599999
1781949600000,0.06026,0.06028,0.06019,0.06019,8658.95015,1781956799999
1781956800000,0.05989,0.05989,0.05989,0.05989,1657.98819,1781963999999
1781964000000,0.06047,0.06054,0.06005,0.06054,49933.33574,1781971199999
1781978400000,0.06195,0.06216,0.0618,0.06216,18476.78078,1781985599999
1781985600000,0.06222,0.06243,0.06222,0.06243,1545.48487,1781992799999
1781992800000,0.06209,0.06234,0.06176,0.0621,225496.16488,1781999999999
1782000000000,0.06236,0.06313,0.06173,0.06313,5698.68048,1782007199999
1782007200000,0.06313,0.06313,0.06229,0.06292,36601.86807,1782014399999
1782014400000,0.06208,0.06292,0.06208,0.06211,28758.72078,1782021599999
1782021600000,0.06257,0.06264,0.06229,0.06229,14946.03997,1782028799999
1782028800000,0.06229,0.0627,0.06229,0.06236,3828.0687,1782035999999
1782036000000,0.06278,0.06278,0.06264,0.06264,717.75775,1782043199999
1782043200000,0.06285,0.06306,0.06271,0.06271,30271.09364,1782050399999
1782050400000,0.06305,0.06306,0.06285,0.06285,5517.3699,1782057599999
1782057600000,0.06259,0.06259,0.06243,0.06243,8579.87102,1782064799999
1782064800000,0.0625,0.0625,0.0625,0.0625,487.85151,1782071999999
1782072000000,0.06236,0.06236,0.06089,0.0611,7816.48844,1782079199999
1782079200000,0.06092,0.06096,0.06012,0.06012,12758.56166,1782086399999
1782086400000,0.06047,0.06089,0.06047,0.06089,228.23973,1782093599999
1782093600000,0.06054,0.06054,0.06054,0.06054,816.90341,1782100799999
1782100800000,0.06047,0.06047,0.06012,0.06019,3441.92758,1782107999999
1782108000000,0.06026,0.06026,0.06012,0.06012,1860.41569,1782115199999
1782115200000,0.06026,0.06026,0.06012,0.06025,14811.89589,1782122399999
1782122400000,0.05993,0.05993,0.05993,0.05993,174.12884,1782129599999
1782129600000,0.06082,0.06092,0.06082,0.06092,1698.73794,1782136799999
1782136800000,0.0604,0.06133,0.06033,0.06133,3752.89388,1782143999999
1782144000000,0.06069,0.06069,0.06035,0.06035,3574.90922,1782151199999
1782151200000,0.0604,0.0604,0.0604,0.0604,351.0615,1782158399999
1782158400000,0.06026,0.06026,0.05905,0.05905,4901.62961,1782165599999
1782165600000,0.05945,0.05945,0.05861,0.05861,15897.59205,1782172799999
1782172800000,0.05891,0.05891,0.05831,0.05831,8899.96027,1782179999999
1782187200000,0.05885,0.05885,0.05881,0.05881,816.86921,1782194399999
1782194400000,0.05765,0.05783,0.05675,0.05747,37379.24056,1782201599999
1782201600000,0.05719,0.05725,0.05706,0.05711,1005.35379,1782208799999
1782208800000,0.05699,0.05705,0.05699,0.05705,5617.50657,1782215999999
1782216000000,0.05711,0.05753,0.05704,0.05753,2832.27803,1782223199999
1782223200000,0.05794,0.05794,0.05723,0.05723,1966.49186,1782230399999
1782237600000,0.05717,0.05723,0.05707,0.05723,8478.49348,1782244799999
1782252000000,0.05783,0.05783,0.05749,0.05749,9271.18639,1782259199999
1782259200000,0.05789,0.05801,0.05789,0.05801,15609.72895,1782266399999
1782266400000,0.05741,0.05741,0.05729,0.05729,2007.66764,1782273599999
1782273600000,0.05745,0.05747,0.05745,0.05747,1554.92733,1782280799999
1782280800000,0.05798,0.05799,0.05771,0.05771,4965.77315,1782287999999
1782288000000,0.05795,0.05795,0.05777,0.05777,271.77522,1782295199999
1782295200000,0.05765,0.05914,0.05765,0.05859,125159.32584,1782302399999
1782302400000,0.05873,0.05873,0.057,0.05717,7778.88185,1782309599999
1782309600000,0.05727,0.05801,0.05717,0.05717,10763.33267,1782316799999
1782316800000,0.05729,0.05729,0.05429,0.05477,103647.29998,1782323999999
1782324000000,0.05477,0.05561,0.05477,0.05537,3167.63291,1782331199999
1782331200000,0.05546,0.05686,0.05546,0.05686,5291.88328,1782338399999
1782338400000,0.05719,0.05753,0.05717,0.05729,6388.76946,1782345599999
1782345600000,0.05753,0.05753,0.0567,0.05675,36621.17144,1782352799999
1782352800000,0.05657,0.05657,0.05609,0.05609,7585.35992,1782359999999
1782360000000,0.05615,0.05687,0.05603,0.05687,998.61084,1782367199999
1782367200000,0.05735,0.05843,0.05735,0.05795,102866.07726,1782374399999
1782374400000,0.05753,0.05957,0.05753,0.05939,60593.58328,1782381599999
1782381600000,0.05921,0.05921,0.05831,0.05831,8915.81893,1782388799999
1782388800000,0.05868,0.05868,0.05358,0.05358,72118.42179,1782395999999
1782396000000,0.05483,0.05537,0.054,0.05455,14921.7748,1782403199999
1782403200000,0.05409,0.05446,0.05409,0.05417,5465.21129,1782410399999
1782410400000,0.05432,0.05432,0.05393,0.05393,891.9839,1782417599999
1782424800000,0.05447,0.05453,0.05428,0.05428,1441.13739,1782431999999
1782432000000,0.05453,0.05465,0.05453,0.05465,1138.83931,1782439199999
1782439200000,0.05297,0.05297,0.05153,0.05183,61718.52904,1782446399999
1782446400000,0.05202,0.05202,0.05201,0.05202,10024.76114,1782453599999
1782453600000,0.05165,0.05172,0.05153,0.05172,3401.30777,1782460799999
1782460800000,0.05201,0.0522,0.05182,0.05189,6946.8381,1782467999999
1782468000000,0.05087,0.05087,0.05054,0.05054,914.27355,1782475199999
1782475200000,0.05063,0.05082,0.05,0.05039,27244.55863,1782482399999
1782482400000,0.05135,0.05201,0.05135,0.05177,10342.15913,1782489599999
1782489600000,0.05213,0.05331,0.05213,0.05321,27532.0519,1782496799999
1782496800000,0.05296,0.05325,0.05296,0.05325,808.81594,1782503999999
1782504000000,0.05309,0.05321,0.05281,0.05281,55528.21401,1782511199999
1782518400000,0.05468,0.05525,0.05405,0.05405,38165.63188,1782525599999
1782525600000,0.05435,0.05471,0.05381,0.05381,13026.11845,1782532799999
1782532800000,0.05345,0.05345,0.05332,0.05333,1399.98085,1782539999999
1782540000000,0.05327,0.05454,0.05327,0.05417,59415.02726,1782547199999
1782547200000,0.05357,0.05375,0.05339,0.05339,31444.74055,1782554399999
1782554400000,0.05297,0.05297,0.05297,0.05297,2320.65038,1782561599999
1782561600000,0.05315,0.05315,0.05315,0.05315,593.45482,1782568799999
1782568800000,0.05384,0.05384,0.05384,0.05384,1852.71173,1782575999999
1782576000000,0.05375,0.05375,0.05375,0.05375,442.50333,1782583199999
1782590400000,0.05315,0.05339,0.05315,0.05339,305.78044,1782597599999
1782597600000,0.05369,0.05411,0.05369,0.05411,959.83412,1782604799999
1782604800000,0.05429,0.05429,0.05363,0.05363,652.52021,1782611999999
1782612000000,0.05375,0.05375,0.05375,0.05375,633.07556,1782619199999
1782619200000,0.05441,0.05508,0.05441,0.05508,27306.70686,1782626399999
1782626400000,0.05519,0.05561,0.05466,0.05561,40452.4132,1782633599999
1782633600000,0.05633,0.05681,0.05591,0.05591,91711.40517,1782640799999
1782640800000,0.05521,0.05567,0.05465,0.05567,56564.4186,1782647999999
1782648000000,0.05549,0.06376,0.05549,0.05797,1060624.01446,1782655199999
1782655200000,0.05774,0.05779,0.05517,0.05517,55230.02555,1782662399999
1782662400000,0.05501,0.05501,0.05465,0.05465,5763.12007,1782669599999
1782669600000,0.05448,0.05448,0.05398,0.05398,2496.42995,1782676799999
1782676800000,0.05385,0.05394,0.05381,0.05394,2242.63835,1782683999999
1782684000000,0.05391,0.05403,0.05391,0.05403,360.08456,1782691199999
1782691200000,0.05344,0.05344,0.05291,0.05291,2042.7488,1782698399999
1782698400000,0.05274,0.05274,0.05215,0.05215,792.11726,1782705599999
1782705600000,0.05196,0.05196,0.05165,0.05168,3190.9731,1782712799999
1782712800000,0.05195,0.05201,0.0517,0.05171,19321.95002,1782719999999
1782720000000,0.05146,0.05195,0.05117,0.05127,43876.18538,1782727199999
1782727200000,0.05135,0.05135,0.05075,0.05075,7752.10045,1782734399999
1782734400000,0.05081,0.05182,0.05081,0.05105,1800.58599,1782741599999
1782741600000,0.05081,0.05087,0.05063,0.05063,8749.62809,1782748799999
1782748800000,0.05072,0.05165,0.05072,0.0516,3899.30757,1782755999999
1782756000000,0.05131,0.05131,0.05105,0.05105,1357.78359,1782763199999
1782770400000,0.05099,0.05123,0.05082,0.05123,7477.60274,1782777599999
1782777600000,0.05135,0.05195,0.05075,0.05075,19049.47818,1782784799999
1782784800000,0.0503,0.05041,0.04943,0.05041,16099.936,1782791999999
1782792000000,0.04978,0.04978,0.04978,0.04978,127.33332,1782799199999
1782799200000,0.04977,0.05003,0.04938,0.04938,47167.73299,1782806399999
1782813600000,0.04824,0.04824,0.04824,0.04824,202.73632,1782820799999
1782820800000,0.04803,0.04843,0.0477,0.04843,1787.65737,1782827999999
1782828000000,0.04868,0.04868,0.04823,0.04823,46889.03693,1782835199999
1782842400000,0.04802,0.04802,0.04802,0.04802,5206.1641,1782849599999
1782864000000,0.04714,0.04714,0.04649,0.04698,919.58955,1782871199999
1782871200000,0.04675,0.04675,0.04673,0.04673,539.16141,1782878399999
1782878400000,0.04743,0.04743,0.04743,0.04743,1395.41891,1782885599999
1782885600000,0.04646,0.04712,0.04646,0.04712,28675.74818,1782892799999
1782907200000,0.04708,0.04733,0.04628,0.04733,7334.09929,1782914399999
1782921600000,0.04799,0.04799,0.04799,0.04799,208.37674,1782928799999
1782928800000,0.04763,0.04763,0.04763,0.04763,1270.23659,1782935999999
1782943200000,0.04868,0.04868,0.04863,0.04863,750.0,1782950399999
1782950400000,0.04872,0.05837,0.04872,0.05612,1384340.60389,1782957599999
1782957600000,0.05609,0.058,0.05356,0.05663,446762.17035,1782964799999
1782964800000,0.05584,0.09889,0.05584,0.08157,7168194.43215,1782971999999
1782972000000,0.08182,0.08779,0.06967,0.0735,2018691.72925,1782979199999
1782979200000,0.07355,0.08894,0.07147,0.08312,1895209.38096,1782986399999
1782986400000,0.08222,0.08449,0.07331,0.07686,2454116.14079,1782993599999
1782993600000,0.07686,0.08582,0.07573,0.079,1957072.36077,1783000799999
1783000800000,0.07915,0.08412,0.07822,0.08196,957926.48527,1783007999999
1783008000000,0.0815,0.08187,0.07198,0.07635,1140081.24319,1783015199999
1783015200000,0.07648,0.08617,0.07501,0.08042,2331929.80322,1783022399999
1783022400000,0.08024,0.08402,0.07766,0.08015,1991056.12164,1783029599999
1783029600000,0.0802,0.08898,0.07883,0.0799,1057186.4763,1783036799999
1783036800000,0.07982,0.08351,0.06724,0.07052,981049.47897,1783043999999
1783044000000,0.07054,0.07328,0.06932,0.07115,257434.25562,1783051199999
1783051200000,0.06998,0.07079,0.06655,0.0687,528643.7557,1783058399999
1783058400000,0.06788,0.06929,0.066,0.06838,274171.10692,1783065599999
1783065600000,0.06817,0.07142,0.06687,0.06698,405997.66315,1783072799999
1783072800000,0.06693,0.06751,0.06602,0.06726,1079525.20802,1783079999999
1783080000000,0.0671,0.06727,0.06425,0.06528,251026.3062,1783087199999
1783087200000,0.06525,0.06618,0.06447,0.06579,199928.16015,1783094399999
1783094400000,0.06535,0.06596,0.06415,0.06435,165460.84573,1783101599999
1783101600000,0.06467,0.06992,0.06467,0.0692,189471.99662,1783108799999
1783108800000,0.06896,0.07049,0.06802,0.06846,464642.98682,1783115999999
1783116000000,0.06797,0.06979,0.0671,0.06905,44546.44951,1783123199999
1783123200000,0.06828,0.06879,0.06354,0.06391,167826.52893,1783130399999
1783130400000,0.06351,0.06476,0.06351,0.06437,10505.1077,1783137599999
1783137600000,0.06369,0.06393,0.06093,0.06285,173181.20974,1783144799999
1783144800000,0.06177,0.06225,0.06114,0.06222,15054.72334,1783151999999
1783152000000,0.06228,0.0635,0.06145,0.0635,36037.95783,1783159199999
1783159200000,0.06352,0.0636,0.06346,0.06346,33214.40234,1783166399999
1783166400000,0.06267,0.06273,0.06199,0.06203,41280.96917,1783173599999
1783173600000,0.06215,0.06382,0.06164,0.06382,12804.98284,1783180799999
1783180800000,0.06353,0.06514,0.06353,0.06382,3414.7136,1783187999999
1783188000000,0.06379,0.06379,0.06308,0.06308,2690.99402,1783195199999
1783195200000,0.06302,0.06347,0.06293,0.06293,8980.2841,1783202399999
1783202400000,0.0629,0.06409,0.06289,0.06354,42198.85467,1783209599999
1783209600000,0.06332,0.06487,0.06182,0.06263,59827.31562,1783216799999
1783216800000,0.06236,0.06686,0.06156,0.06643,221770.24865,1783223999999
1783224000000,0.06898,0.07907,0.06891,0.0744,598303.86962,1783231199999
1783231200000,0.0745,0.0776,0.07214,0.07307,403903.58495,1783238399999
1783238400000,0.07373,0.07375,0.06698,0.0672,202189.88493,1783245599999
1783245600000,0.06736,0.06818,0.06642,0.06734,174551.09576,1783252799999
1783252800000,0.06875,0.06981,0.06763,0.06791,157540.7643,1783259999999
1783260000000,0.06805,0.06961,0.06679,0.06845,238091.39762,1783267199999
1783267200000,0.06819,0.06946,0.06819,0.06912,50779.45363,1783274399999
1783274400000,0.06991,0.07123,0.06932,0.0699,246836.2092,1783281599999
1783281600000,0.06992,0.07214,0.06884,0.06992,122053.67909,1783288799999
1783288800000,0.07037,0.07099,0.06819,0.06864,351324.61568,1783295999999
1783296000000,0.06776,0.07321,0.06643,0.07187,203685.2824,1783303199999
1783303200000,0.07117,0.07117,0.06416,0.06449,208280.60977,1783310399999
1783310400000,0.06415,0.06423,0.06195,0.06212,106331.83021,1783317599999
1783317600000,0.06173,0.06391,0.06173,0.06327,130430.45417,1783324799999
1783324800000,0.06382,0.06453,0.06301,0.06376,67282.23931,1783331999999
1783332000000,0.06442,0.06461,0.06298,0.06298,50987.04044,1783339199999
1783339200000,0.0622,0.0639,0.06174,0.06376,38827.4065,1783346399999
1783346400000,0.06361,0.066,0.06306,0.06529,107480.09561,1783353599999
1783353600000,0.0651,0.0651,0.06396,0.06403,58034.9684,1783360799999
1783360800000,0.06422,0.06473,0.06422,0.06473,16523.12245,1783367999999
1783368000000,0.06376,0.06508,0.06376,0.06508,6769.31918,1783375199999
1783375200000,0.06572,0.06572,0.06498,0.06498,1011.40428,1783382399999
1783382400000,0.06439,0.06481,0.06328,0.06328,51151.99309,1783389599999
1783389600000,0.06331,0.06425,0.06331,0.06425,10041.31009,1783396799999
1783396800000,0.06327,0.06327,0.06298,0.06319,633.139,1783403999999
1783404000000,0.06345,0.06345,0.06317,0.06317,1580.85497,1783411199999
1783411200000,0.06202,0.06243,0.06165,0.06197,16639.52461,1783418399999
1783418400000,0.06187,0.06187,0.05921,0.05982,75663.21498,1783425599999
1783425600000,0.05985,0.05985,0.05912,0.05932,33513.32876,1783432799999
1783432800000,0.05844,0.0589,0.05844,0.05863,45730.05777,1783439999999
1783440000000,0.05842,0.0585,0.05737,0.05742,22952.1416,1783447199999
1783447200000,0.05737,0.05737,0.05599,0.05611,8345.48786,1783454399999
1783454400000,0.05658,0.05658,0.05586,0.05635,70631.39252,1783461599999
1783461600000,0.05622,0.05622,0.05622,0.05622,2204.73555,1783468799999
1783468800000,0.05618,0.05639,0.05231,0.05231,67980.53933,1783475999999
1783476000000,0.05224,0.05233,0.05127,0.05127,10241.82284,1783483199999
1783483200000,0.05154,0.05363,0.05154,0.05231,75791.20218,1783490399999
1783490400000,0.05269,0.05369,0.05154,0.05201,276884.75594,1783497599999
1783497600000,0.05207,0.05272,0.05069,0.05069,124470.1982,1783504799999
1783504800000,0.05095,0.05243,0.05095,0.05159,213529.84456,1783511999999
1783512000000,0.05169,0.05243,0.05143,0.05159,90109.1264,1783519199999
1783519200000,0.05207,0.05243,0.05126,0.05155,465650.74504,1783526399999
1783526400000,0.05225,0.05357,0.05225,0.05267,37246.27709,1783533599999
1783533600000,0.05279,0.05279,0.05255,0.05279,12989.57043,1783540799999
1783540800000,0.05345,0.05345,0.05255,0.05255,17769.08656,1783547999999
1783548000000,0.05248,0.05248,0.05185,0.05185,1262.01063,1783555199999
1783555200000,0.05174,0.05435,0.05063,0.05435,151517.89951,1783562399999
1783562400000,0.05435,0.05792,0.0527,0.05516,569754.72539,1783569599999
1783569600000,0.05592,0.05592,0.05353,0.05353,28866.63353,1783576799999
1783576800000,0.05303,0.05387,0.05303,0.05387,1627.94872,1783583999999
1783584000000,0.05428,0.05573,0.05412,0.0546,64297.54543,1783591199999
1783591200000,0.0549,0.05618,0.05476,0.05579,28095.24084,1783598399999
1783598400000,0.05597,0.05601,0.05458,0.05548,32521.79725,1783605599999
1783605600000,0.05489,0.05513,0.05459,0.05478,9307.44383,1783612799999
1783612800000,0.05471,0.05496,0.05414,0.05496,31405.62228,1783619999999
1783620000000,0.05525,0.05555,0.05507,0.05507,2267.172,1783627199999
1783627200000,0.05495,0.05594,0.0549,0.05585,68152.443,1783634399999
1783634400000,0.05538,0.05538,0.05512,0.05512,58332.5,1783641599999
1783641600000,0.05603,0.05735,0.05399,0.05417,494072.89744,1783648799999
1783648800000,0.05441,0.05443,0.05327,0.05352,28627.77893,1783655999999
1783656000000,0.05358,0.05519,0.05358,0.05485,13823.70263,1783663199999
1783663200000,0.05429,0.05459,0.05422,0.05459,16549.46455,1783670399999
1783670400000,0.05465,0.05507,0.05465,0.05507,13600.74108,1783677599999
1783677600000,0.05429,0.05482,0.05409,0.05453,53912.12198,1783684799999
1783684800000,0.05459,0.05772,0.05459,0.0556,216411.77115,1783691999999
1783692000000,0.05537,0.05573,0.05507,0.05507,21376.3858,1783699199999
1783699200000,0.05549,0.05561,0.0552,0.0552,9342.62592,1783706399999
1783713600000,0.05472,0.05525,0.05472,0.05525,4686.92966,1783720799999
1783728000000,0.0547,0.05843,0.05435,0.05747,128261.75156,1783735199999
1783735200000,0.05723,0.05723,0.05507,0.05507,25905.02451,1783742399999
1783742400000,0.055,0.055,0.05465,0.055,5258.47382,1783749599999
1783749600000,0.05471,0.05482,0.05459,0.05459,3577.7261,1783756799999
1783756800000,0.05468,0.05519,0.05413,0.0547,58838.1698,1783763999999
1783764000000,0.05477,0.05507,0.05452,0.05483,20317.35377,1783771199999
1783771200000,0.05495,0.05528,0.05426,0.05426,86682.25171,1783778399999
1783778400000,0.05441,0.05453,0.05398,0.05453,60891.96488,1783785599999
1783785600000,0.05453,0.05583,0.05453,0.05507,75228.56053,1783792799999
1783792800000,0.05524,0.05524,0.05495,0.05495,2743.25224,1783799999999
1783800000000,0.05471,0.05497,0.05471,0.05497,371.57271,1783807199999
1783807200000,0.05497,0.05507,0.05411,0.05411,18712.51347,1783814399999
1783814400000,0.05507,0.05561,0.05352,0.05352,60141.50606,1783821599999
1783821600000,0.05388,0.05411,0.05315,0.05341,21343.89158,1783828799999
1783836000000,0.05387,0.05387,0.05387,0.05387,1674.92045,1783843199999
1783843200000,0.05369,0.05369,0.05369,0.05369,340.9047,1783850399999
1783850400000,0.05357,0.05357,0.05357,0.05357,3738.53419,1783857599999
1783857600000,0.05405,0.05405,0.05405,0.05405,218.70844,1783864799999
1783864800000,0.05411,0.05538,0.05411,0.05538,13260.38057,1783871999999
1783872000000,0.05559,0.05597,0.05513,0.05513,10838.22351,1783879199999
1783879200000,0.05519,0.05531,0.05471,0.05471,11785.45866,1783886399999
1783886400000,0.05483,0.05603,0.05483,0.05531,73057.8037,1783893599999
1783893600000,0.05508,0.05555,0.05508,0.05555,2075.70116,1783900799999
1783900800000,0.05603,0.05651,0.0548,0.05483,48676.26704,1783907999999
1783908000000,0.0541,0.05451,0.05363,0.05431,26028.80087,1783915199999
1783915200000,0.05418,0.05519,0.05396,0.05484,3228.66773,1783922399999
1783922400000,0.05519,0.05579,0.05477,0.05501,135418.40861,1783929599999
1783929600000,0.05507,0.05552,0.05465,0.05536,60954.46361,1783936799999
1783936800000,0.05532,0.05799,0.05519,0.0571,210785.13165,1783943999999
1783944000000,0.05679,0.05837,0.05639,0.05831,381080.89863,1783951199999
1783951200000,0.05783,0.05878,0.05705,0.05795,40103.61845,1783958399999
1783958400000,0.05825,0.05957,0.05745,0.05745,129512.96912,1783965599999
1783965600000,0.05733,0.05763,0.05585,0.05632,58138.47128,1783972799999
1783972800000,0.05687,0.05734,0.0566,0.0566,75681.68182,1783979999999
1783980000000,0.05693,0.05735,0.05687,0.05735,36015.97517,1783987199999
1783987200000,0.05676,0.05676,0.05567,0.05624,37177.97798,1783994399999
1783994400000,0.05636,0.05789,0.05601,0.05601,35406.73444,1784001599999
1784001600000,0.05663,0.05663,0.05579,0.05597,12348.29929,1784008799999
1784008800000,0.0558,0.05749,0.0558,0.05717,47705.55427,1784015999999
1784016000000,0.05717,0.05735,0.05651,0.05687,25964.77196,1784023199999
1784023200000,0.05615,0.05777,0.0561,0.05753,55279.04557,1784030399999
1784030400000,0.05747,0.05795,0.05675,0.05717,285155.48492,1784037599999
1784037600000,0.05676,0.05849,0.05675,0.05771,51591.11733,1784044799999
1784044800000,0.05765,0.05855,0.05738,0.05843,37343.6446,1784051999999
1784052000000,0.05809,0.05855,0.05783,0.05783,26082.03922,1784059199999
1784059200000,0.05759,0.05759,0.05759,0.05759,347.91488,1784066399999
1784066400000,0.05801,0.05813,0.05735,0.05735,16923.69262,1784073599999
1784073600000,0.05753,0.06219,0.05742,0.05777,288723.41338,1784080799999
1784080800000,0.05717,0.05717,0.05621,0.05657,94210.41811,1784087999999
1784088000000,0.056,0.05608,0.05519,0.05591,61371.21479,1784095199999
1784095200000,0.05579,0.05622,0.05579,0.05618,25766.13422,1784102399999
1784102400000,0.05643,0.05667,0.05634,0.05645,12675.97446,1784109599999
1784109600000,0.05687,0.05745,0.05622,0.05627,89620.95422,1784116799999
1784116800000,0.05633,0.05688,0.05633,0.05687,2395.27676,1784123999999
1784124000000,0.05653,0.05711,0.05651,0.0568,45828.81936,1784131199999
1784131200000,0.05632,0.05639,0.05603,0.05627,31593.5318,1784138399999
1784138400000,0.05627,0.05675,0.05615,0.05615,52271.81761,1784145599999
1784145600000,0.05604,0.05604,0.05597,0.05597,6960.25969,1784152799999
1784152800000,0.05622,0.05622,0.05622,0.05622,70.01265,1784159999999
1784160000000,0.05663,0.05723,0.05626,0.05648,86450.95446,1784167199999
1784167200000,0.05618,0.05963,0.05609,0.05934,110874.62413,1784174399999
1784174400000,0.05915,0.05915,0.05788,0.05825,162721.86192,1784181599999
1784181600000,0.05758,0.05867,0.05723,0.05783,126857.22232,1784188799999
1784188800000,0.05796,0.05813,0.05717,0.05753,98669.56077,1784195999999
1784196000000,0.05753,0.05794,0.05697,0.05777,29576.23228,1784203199999
1784203200000,0.05783,0.05807,0.05707,0.05771,48859.26214,1784210399999
1784210400000,0.05795,0.05819,0.05718,0.05718,35960.92144,1784217599999
1784217600000,0.05719,0.05783,0.05675,0.05753,40268.38745,1784224799999
1784224800000,0.05759,0.05765,0.05721,0.05721,14869.11082,1784231999999
1784232000000,0.05711,0.05711,0.05711,0.05711,489.69168,1784239199999
1784239200000,0.05705,0.05705,0.05651,0.05651,646.0693,1784246399999
1784246400000,0.0568,0.05747,0.05555,0.05597,105989.37133,1784253599999
1784253600000,0.05541,0.0557,0.05411,0.0557,18044.06773,1784260799999
1784260800000,0.05514,0.05549,0.05514,0.0554,1160.86525,1784267999999
1784268000000,0.05537,0.05579,0.05519,0.05519,74232.19964,1784275199999
1784275200000,0.05501,0.05501,0.05447,0.05465,23655.72267,1784282399999
1784282400000,0.05523,0.05549,0.05523,0.05543,2875.65339,1784289599999
1784289600000,0.05591,0.05651,0.05525,0.05603,52406.60497,1784296799999
1784296800000,0.05609,0.05609,0.05503,0.05513,26403.44566,1784303999999
1784304000000,0.05557,0.05557,0.05519,0.05519,2085.94473,1784311199999
1784311200000,0.05506,0.05522,0.05465,0.05465,2829.70444,1784318399999
1784318400000,0.05483,0.05483,0.05471,0.05471,1425.57544,1784325599999
1784325600000,0.05481,0.05481,0.05457,0.05457,46755.55203,1784332799999
1784332800000,0.05417,0.05417,0.05286,0.05286,31095.02087,1784339999999
1784340000000,0.05294,0.05327,0.05279,0.05279,34266.8061,1784347199999
1784347200000,0.05243,0.05905,0.04879,0.04908,1791807.9806,1784354399999
1784354400000,0.04913,0.05013,0.04913,0.04971,28701.66644,1784361599999
1784361600000,0.04928,0.04968,0.04893,0.04913,90372.52982,1784368799999
1784368800000,0.04906,0.04906,0.04853,0.04893,35520.92358,1784375999999
1784376000000,0.0488,0.04948,0.04868,0.0493,60683.47495,1784383199999
1784383200000,0.04918,0.04978,0.04918,0.04932,168854.82548,1784390399999
1784390400000,0.04932,0.04942,0.04932,0.04942,8641.82831,1784397599999
1784397600000,0.04908,0.04908,0.04908,0.04908,2888.91308,1784404799999
1784404800000,0.04928,0.04948,0.04895,0.04913,54360.18466,1784411999999
1784412000000,0.04928,0.04953,0.04928,0.04953,18712.29675,1784419199999
1784419200000,0.04843,0.04903,0.04748,0.04806,38914.06606,1784426399999
1784426400000,0.04783,0.04823,0.04773,0.04823,10128.05604,1784433599999
1784433600000,0.04787,0.05219,0.04777,0.05177,306242.52624,1784440799999
1784440800000,0.05174,0.05226,0.0478,0.0478,79625.00586,1784447999999
1784448000000,0.04758,0.04788,0.04713,0.04728,50629.20359,1784455199999
1784455200000,0.04748,0.04763,0.04719,0.04719,41095.49072,1784462399999
1784462400000,0.047,0.04703,0.047,0.04703,1396.44901,1784469599999
1784469600000,0.04753,0.04778,0.04721,0.04721,34130.91962,1784476799999
1784476800000,0.04798,0.04798,0.04778,0.04778,16367.17852,1784483999999
1784484000000,0.04728,0.04728,0.04728,0.04728,3513.78497,1784491199999
1784491200000,0.04788,0.04788,0.04768,0.04768,684.58297,1784498399999
1784498400000,0.04768,0.04768,0.04768,0.04768,2341.67247,1784505599999
1784505600000,0.04793,0.04913,0.04691,0.047,39192.51514,1784512799999
1784512800000,0.04753,0.04753,0.04712,0.04713,5475.3447,1784519999999
1784520000000,0.04679,0.04703,0.04588,0.04703,13301.32567,1784527199999
1784527200000,0.04713,0.04758,0.04713,0.04758,6520.00481,1784534399999
1784534400000,0.04708,0.04722,0.04692,0.04718,27528.38445,1784541599999
1784541600000,0.04688,0.04733,0.04673,0.04688,31894.97682,1784548799999
1784548800000,0.04673,0.04738,0.04673,0.04738,3862.94424,1784555999999
1784556000000,0.04738,0.04769,0.04738,0.04767,14494.24642,1784563199999
1784563200000,0.04854,0.04933,0.04854,0.04923,14550.427,1784570399999
1784570400000,0.04908,0.04908,0.04893,0.04893,12523.96804,1784577599999
1784584800000,0.04861,0.04869,0.04853,0.04853,1405.30037,1784591999999
1784592000000,0.04833,0.04908,0.04813,0.04908,8428.8721,1784599199999
1784599200000,0.05007,0.05051,0.05007,0.05009,14504.73151,1784606399999
1784606400000,0.05129,0.05171,0.05013,0.05041,19377.08773,1784613599999
1784613600000,0.05107,0.05231,0.05034,0.05105,25039.70958,1784620799999
1784620800000,0.05093,0.05111,0.05037,0.05051,2783.03478,1784627999999
1784628000000,0.05076,0.05215,0.0507,0.05215,77102.4044,1784635199999
1784635200000,0.05142,0.05142,0.05093,0.05123,64315.06175,1784642399999
1784642400000,0.05111,0.05147,0.05111,0.05141,27249.54844,1784649599999
1784649600000,0.05113,0.05131,0.051,0.05117,11716.08555,1784656799999
1784656800000,0.05101,0.05151,0.05099,0.05134,10811.3472,1784663999999
1784664000000,0.05155,0.05165,0.05155,0.05165,1016.19579,1784671199999
1784671200000,0.05088,0.05088,0.05088,0.05088,552.47641,1784678399999
1784685600000,0.05019,0.05019,0.04946,0.04946,3520.36316,1784692799999
1784692800000,0.04994,0.04994,0.04982,0.04983,3168.63398,1784699999999
1784700000000,0.04973,0.05034,0.04968,0.04999,9832.57331,1784707199999
1784707200000,0.05001,0.05001,0.04999,0.04999,2832.78372,1784714399999
1784714400000,0.04993,0.04998,0.04993,0.04998,1585.65535,1784721599999
1784736000000,0.05105,0.05105,0.05105,0.05105,544.81799,1784743199999
1784743200000,0.05108,0.05108,0.05074,0.05074,3015.82035,1784750399999
1784750400000,0.05148,0.05148,0.05148,0.05148,194.25019,1784757599999
1784757600000,0.05146,0.05146,0.05111,0.05111,560.79234,1784764799999
1784764800000,0.05117,0.05153,0.05117,0.05135,10696.02966,1784771999999
1784772000000,0.05123,0.05135,0.05067,0.05075,1274.94952,1784779199999
1784779200000,0.05131,0.05131,0.05051,0.05051,5048.42615,1784786399999
1784793600000,0.05177,0.05177,0.05123,0.05123,6812.0519,1784800799999
1784800800000,0.05198,0.05242,0.05198,0.05213,2813.14694,1784807999999
1784808000000,0.05189,0.05195,0.0518,0.05195,1204.57086,1784815199999
1784815200000,0.05225,0.05268,0.05219,0.05236,3347.73906,1784822399999
1784822400000,0.05243,0.05261,0.05243,0.05261,797.39847,1784829599999
1784829600000,0.05244,0.05244,0.05241,0.05241,8932.4359,1784836799999
1784844000000,0.05195,0.05195,0.05195,0.05195,192.49278,1784851199999
1784851200000,0.05177,0.05177,0.05117,0.05123,9639.31082,1784858399999
1784858400000,0.05309,0.05309,0.05273,0.05273,2064.67598,1784865599999
1784865600000,0.05225,0.05225,0.05195,0.05195,2031.67652,1784872799999
1784872800000,0.05202,0.05202,0.05202,0.05202,473.12641,1784879999999
1784894400000,0.05133,0.05133,0.05059,0.05121,1990.82483,1784901599999
1784901600000,0.05123,0.05201,0.05093,0.05177,35204.99816,1784908799999
1784908800000,0.05182,0.05189,0.05182,0.05189,8863.45224,1784915999999
1784916000000,0.05192,0.05192,0.05191,0.05191,3849.12134,1784923199999
1784944800000,0.05207,0.05219,0.05184,0.05184,10127.18159,1784951999999
1784952000000,0.05201,0.05201,0.05173,0.05173,2167.65833,1784959199999
1784966400000,0.05231,0.05231,0.05165,0.05165,984.56698,1784973599999
1784973600000,0.05207,0.05213,0.05177,0.05177,3081.59943,1784980799999
1784980800000,0.05226,0.05226,0.05201,0.05201,10795.45717,1784987999999
1784988000000,0.05147,0.0517,0.05147,0.05148,476.99806,1784995199999
1784995200000,0.05159,0.05159,0.05154,0.05154,356.34607,1785002399999
1785002400000,0.05149,0.05201,0.05143,0.05147,82139.14454,1785009599999
1785024000000,0.05161,0.05161,0.05087,0.05087,4606.16674,1785031199999
1785038400000,0.05057,0.05078,0.05021,0.05075,7172.79568,1785045599999
1785045600000,0.05103,0.05165,0.05103,0.05165,1943.20692,1785052799999
1785052800000,0.05171,0.05171,0.05165,0.05165,702.89721,1785059999999
1785060000000,0.0518,0.0518,0.0518,0.0518,11570.95377,1785067199999
1785067200000,0.05201,0.05213,0.05183,0.05183,8947.39845,1785074399999
1785074400000,0.05195,0.05201,0.05189,0.05201,14043.8775,1785081599999
1785081600000,0.05191,0.05191,0.05191,0.05191,3847.18763,1785088799999
1785088800000,0.05201,0.05255,0.05201,0.05237,1162.56694,1785095999999
1785096000000,0.05262,0.054,0.05262,0.054,1321.60815,1785103199999
1785110400000,0.05381,0.05381,0.05287,0.05287,2793.65591,1785117599999
1785132000000,0.05235,0.05276,0.05214,0.05276,2794.84165,1785139199999
1785139200000,0.05176,0.05176,0.05176,0.05176,193.19938,1785146399999
1785146400000,0.05253,0.05254,0.05197,0.05231,3256.79355,1785153599999
1785153600000,0.05211,0.05232,0.05211,0.05232,766.06646,1785160799999
1785160800000,0.05106,0.0511,0.05106,0.0511,1697.32137,1785167999999
1785168000000,0.05121,0.05165,0.05121,0.05165,4083.03186,1785175199999
1785182400000,0.05343,0.0539,0.05327,0.05327,7576.41315,1785189599999
1785189600000,0.052,0.05229,0.052,0.05229,321.25904,1785196799999
1785196800000,0.05227,0.05339,0.05209,0.05267,52384.43656,1785203999999
1785204000000,0.05363,0.05423,0.05357,0.05394,23021.08144,1785211199999
1785211200000,0.05399,0.05452,0.05298,0.05423,26799.02518,1785218399999
1785218400000,0.05447,0.05537,0.05405,0.05405,24614.071,1785225599999
1785225600000,0.05471,0.0554,0.05453,0.05523,39784.10648,1785232799999
1785232800000,0.05483,0.05624,0.05477,0.05597,118565.32077,1785239999999
1785240000000,0.05562,0.05837,0.05162,0.05201,113542.6409,1785247199999
1785247200000,0.05112,0.05129,0.05087,0.05129,33594.27843,1785254399999
1785254400000,0.05104,0.05177,0.05104,0.05177,371.10244,1785261599999
1785268800000,0.0516,0.0516,0.05159,0.05159,7740.43864,1785275999999
1785276000000,0.05134,0.05134,0.05113,0.05113,390.35978,1785283199999
1785283200000,0.0518,0.05233,0.0518,0.05194,768.98269,1785290399999
1785290400000,0.05076,0.05076,0.04667,0.04673,12859.03696,1785297599999
1785297600000,0.0463,0.04701,0.04538,0.04693,18449.19805,1785304799999
1785304800000,0.04689,0.04724,0.04646,0.04702,42454.85387,1785311999999
1785312000000,0.04505,0.04553,0.04479,0.04513,21418.45465,1785319199999
1785319200000,0.04497,0.04528,0.04453,0.04498,63880.49959,1785326399999
1785326400000,0.04465,0.04492,0.04346,0.04377,135355.85803,1785333599999
1785333600000,0.0438,0.0438,0.04253,0.04303,71014.2166,1785340799999
1785340800000,0.04248,0.04414,0.04219,0.04398,49851.75834,1785347999999
1785348000000,0.04416,0.04498,0.04277,0.04277,196605.01518,1785355199999
1785355200000,0.04281,0.04296,0.0425,0.0428,72628.64021,1785362399999
1785362400000,0.04258,0.04328,0.04258,0.04292,33085.68893,1785369599999
1785369600000,0.04279,0.04334,0.04173,0.04301,101397.23645,1785376799999
1785376800000,0.04323,0.04335,0.04231,0.04254,78103.71662,1785383999999
1785384000000,0.0425,0.04251,0.0419,0.0419,17287.27914,1785391199999
1785391200000,0.04189,0.04228,0.0412,0.04189,47697.62119,1785398399999
1785398400000,0.04163,0.04206,0.04163,0.04206,13898.15047,1785405599999
1785405600000,0.04183,0.0421,0.04183,0.0421,593.76409,1785412799999
1785412800000,0.04213,0.04216,0.04138,0.04159,76556.39854,1785419999999
1785420000000,0.04117,0.04117,0.04117,0.04117,121.93345,1785427199999
1785427200000,0.0412,0.04148,0.04105,0.04143,47961.10051,1785434399999
1785434400000,0.04145,0.04188,0.04145,0.04156,1460.7233,1785441599999
1785441600000,0.04142,0.04196,0.04142,0.04196,3822.58084,1785448799999
1785448800000,0.04211,0.04212,0.04166,0.04166,1671.85324,1785455999999
1785456000000,0.04117,0.04197,0.04117,0.04197,31324.70313,1785463199999
1785463200000,0.04227,0.04238,0.04191,0.04238,10102.24869,1785470399999
1785470400000,0.04172,0.04183,0.04172,0.04183,7166.18379,1785477599999
1785477600000,0.04209,0.04288,0.04209,0.04288,52588.91813,1785484799999
1785484800000,0.04363,0.04363,0.04293,0.04311,28506.95369,1785491999999
1785492000000,0.04323,0.0578,0.04323,0.0452,5201669.20714,1785499199999
1785499200000,0.04538,0.04686,0.04406,0.04618,945542.16213,1785506399999
1785506400000,0.04568,0.04571,0.04454,0.04548,270683.99887,1785513599999
1785513600000,0.04523,0.04582,0.04477,0.04582,303418.77079,1785520799999
1785520800000,0.0457,0.04646,0.04545,0.04596,198762.00289,1785527999999
1785528000000,0.04612,0.0469,0.04603,0.04624,216677.37599,1785535199999
1785535200000,0.0462,0.04648,0.04552,0.04592,36121.06589,1785542399999
1785542400000,0.04578,0.04685,0.0447,0.04558,285059.82186,1785549599999
1785549600000,0.04601,0.04602,0.04513,0.04553,33950.55529,1785556799999
1785556800000,0.04568,0.04933,0.04568,0.04903,330274.64321,1785563999999
1785564000000,0.04883,0.04994,0.04534,0.04568,685572.28264,1785571199999
1785571200000,0.04559,0.04559,0.0437,0.0437,139805.34034,1785578399999
1785578400000,0.04373,0.04713,0.04249,0.0427,1264176.05801,1785585599999
1785585600000,0.04266,0.04316,0.04265,0.04293,157189.56422,1785592799999
1785592800000,0.04303,0.04325,0.0429,0.0429,146057.72925,1785599999999
1785600000000,0.04273,0.04302,0.04217,0.0424,87443.54824,1785607199999
1785607200000,0.04187,0.04221,0.04156,0.04206,111008.74091,1785614399999
1785614400000,0.04225,0.04283,0.04225,0.04283,39772.31387,1785621599999
1785621600000,0.04284,0.04284,0.04256,0.04256,7268.79618,1785628799999
1785628800000,0.04237,0.04313,0.0418,0.0418,505060.75197,1785635999999
1785636000000,0.04178,0.04181,0.04157,0.04166,36193.98733,1785643199999
1785643200000,0.04193,0.04213,0.04193,0.04204,63126.39633,1785650399999
1785650400000,0.04174,0.04195,0.04142,0.04169,57640.80729,1785657599999
1785657600000,0.04162,0.04162,0.04067,0.0409,51564.57289,1785664799999
1785664800000,0.0409,0.0409,0.04056,0.04081,123607.33723,1785671999999
1785672000000,0.04039,0.04065,0.04039,0.04065,74022.02486,1785679199999
1785679200000,0.04069,0.04095,0.04032,0.04095,411931.99346,1785686399999
1785686400000,0.04095,0.04139,0.04095,0.04139,21893.34178,1785693599999
1785693600000,0.04147,0.04147,0.04085,0.04085,26130.63167,1785700799999
1785700800000,0.04119,0.04133,0.04105,0.04133,9528.79552,1785707999999
1785708000000,0.04052,0.04065,0.04037,0.04058,40039.74092,1785715199999
1785715200000,0.0405,0.0405,0.03935,0.03943,130027.0914,1785722399999
1785722400000,0.03973,0.03974,0.03919,0.03954,106070.71842,1785729599999
1785729600000,0.03944,0.03954,0.03925,0.03935,201463.02585,1785736799999
1785736800000,0.03936,0.0394,0.0391,0.03928,53509.11057,1785743999999
1785744000000,0.03929,0.03929,0.03893,0.03905,113023.69486,1785751199999
1785751200000,0.03953,0.03982,0.03949,0.0396,48341.95561,1785758399999
1785758400000,0.03978,0.03998,0.03978,0.03998,8605.7164,1785765599999
1785780000000,0.04141,0.04141,0.04141,0.04141,795.27826,1785787199999
1785787200000,0.04152,0.04152,0.04152,0.04152,240.84778,1785794399999
1785794400000,0.04161,0.04191,0.04161,0.04191,1692.89453,1785801599999
1785801600000,0.04187,0.04252,0.04186,0.04252,2293.312,1785808799999
1785808800000,0.04233,0.04305,0.0423,0.04262,7219.8352,1785815999999
1785816000000,0.0436,0.04397,0.04321,0.04343,27753.19725,1785823199999
1785823200000,0.0439,0.04432,0.04338,0.04402,116441.47028,1785830399999
1785830400000,0.04436,0.0454,0.04348,0.04433,339645.69175,1785837599999
1785837600000,0.04405,0.04405,0.04271,0.04336,371262.61796,1785844799999
1785844800000,0.04343,0.04392,0.04241,0.04249,71050.35632,1785851999999
1785852000000,0.04185,0.04185,0.04124,0.04138,46031.17379,1785859199999
1785859200000,0.04074,0.04074,0.04061,0.04061,4902.24331,1785866399999
1785866400000,0.04123,0.04124,0.04122,0.04122,727.14044,1785873599999
1785873600000,0.04123,0.04123,0.04111,0.04111,243.20234,1785880799999
1785880800000,0.04129,0.04129,0.04129,0.04129,198.74987,1785887999999
1785888000000,0.04255,0.04255,0.04179,0.04179,4699.99127,1785895199999
1785895200000,0.04174,0.04245,0.04174,0.04225,4979.01265,1785902399999
1785902400000,0.04266,0.04357,0.04266,0.04284,46459.17666,1785909599999
1785909600000,0.04369,0.04845,0.04346,0.04655,1362549.04915,1785916799999
1785916800000,0.04681,0.04884,0.04271,0.04792,655794.9167,1785923999999
1785924000000,0.04689,0.05081,0.04662,0.04989,201481.94764,1785931199999
1785931200000,0.04989,0.05095,0.04891,0.04928,365766.25547,1785938399999
1785938400000,0.04917,0.04927,0.04598,0.04632,63991.47308,1785945599999
1785945600000,0.04603,0.04677,0.04592,0.04668,84050.30271,1785952799999
1785952800000,0.04712,0.04744,0.04674,0.04692,279493.02712,1785959999999
1785960000000,0.04703,0.04711,0.04659,0.04687,150050.29726,1785967199999
1785967200000,0.0455,0.04553,0.04504,0.04543,32911.9039,1785974399999
1785974400000,0.04528,0.04548,0.04308,0.04319,96155.4565,1785981599999
1785981600000,0.04314,0.04373,0.04265,0.04369,37631.14008,1785988799999
1785988800000,0.04378,0.04378,0.04302,0.04352,37787.95714,1785995999999
1785996000000,0.04351,0.04351,0.04239,0.04322,85175.01507,1786003199999
1786003200000,0.04321,0.04321,0.04256,0.04281,123643.14824,1786010399999
1786010400000,0.04283,0.04378,0.04279,0.04378,235676.47441,1786017599999
1786017600000,0.04345,0.04368,0.04283,0.04331,69225.33204,1786024799999
1786024800000,0.04315,0.0433,0.04275,0.04306,69081.90778,1786031999999
1786032000000,0.04293,0.04313,0.04293,0.04313,10518.07204,1786039199999
1786039200000,0.04308,0.04308,0.04281,0.04281,12481.41298,1786046399999
1786046400000,0.04303,0.04328,0.04303,0.04328,9493.90593,1786053599999
1786053600000,0.04323,0.04323,0.04285,0.04285,3177.1726,1786060799999
1786060800000,0.04283,0.04368,0.04283,0.04368,17232.47761,1786067999999
1786068000000,0.04395,0.04423,0.04123,0.04123,13551.69248,1786075199999
1786075200000,0.04165,0.04165,0.04135,0.04135,2336.2108,1786082399999
1786082400000,0.0412,0.04154,0.04073,0.04073,37928.451,1786089599999
1786089600000,0.04116,0.04122,0.04105,0.04105,15786.779,1786096799999
1786104000000,0.04173,0.04203,0.04173,0.04188,51881.12264,1786111199999
1786111200000,0.04228,0.04278,0.04228,0.04239,40477.50308,1786118399999
1786118400000,0.04298,0.04333,0.0428,0.04333,12449.43673,1786125599999
1786125600000,0.04353,0.04383,0.04348,0.0436,8914.59354,1786132799999
1786132800000,0.04363,0.04363,0.04363,0.04363,578.28954,1786139999999
1786147200000,0.04331,0.04342,0.04305,0.04305,12735.47703,1786154399999
1786154400000,0.04398,0.04453,0.04398,0.04443,60174.8675,1786161599999
1786161600000,0.04432,0.04432,0.04373,0.04378,12990.90951,1786168799999
1786168800000,0.04394,0.04423,0.04318,0.04354,102473.22263,1786175999999
1786176000000,0.04347,0.04354,0.04318,0.04318,23174.05775,1786183199999
1786183200000,0.04329,0.04366,0.04329,0.04366,8716.04132,1786190399999
1786190400000,0.04393,0.04396,0.04369,0.04383,74261.83615,1786197599999
1786197600000,0.04371,0.0438,0.04371,0.0438,21296.43311,1786204799999
1786204800000,0.04444,0.04444,0.04428,0.04428,3937.0225,1786211999999
1786212000000,0.04418,0.04418,0.04403,0.04403,2234.01896,1786219199999
1786226400000,0.04438,0.04438,0.04438,0.04438,825.24979,1786233599999
1786233600000,0.044,0.04568,0.04373,0.04558,177010.60668,1786240799999
1786240800000,0.04518,0.04529,0.04518,0.04529,5250.83518,1786247999999
1786248000000,0.04553,0.04553,0.04526,0.04526,7785.73338,1786255199999
1786255200000,0.04493,0.04493,0.04473,0.04482,4600.83109,1786262399999
1786262400000,0.04548,0.04573,0.04529,0.04573,5237.53288,1786269599999
1786269600000,0.04573,0.04578,0.04568,0.04578,23712.98646,1786276799999
1786276800000,0.04618,0.04655,0.04613,0.04613,23958.45682,1786283999999
1786284000000,0.0462,0.04668,0.046,0.04668,32252.44918,1786291199999
1786291200000,0.04654,0.04683,0.04653,0.04653,32446.16499,1786298399999
1786305600000,0.04671,0.04671,0.04656,0.04656,327.55298,1786312799999
1786320000000,0.04589,0.04683,0.04589,0.04676,11937.02577,1786327199999
1786341600000,0.04583,0.04603,0.04553,0.04584,21046.48485,1786348799999
1786348800000,0.04623,0.04643,0.04623,0.04632,2618.6396,1786355999999
1786356000000,0.04602,0.04668,0.04602,0.04664,37443.36768,1786363199999
1786363200000,0.04661,0.04698,0.04661,0.04678,2202.3358,1786370399999
1786377600000,0.0473,0.0473,0.04694,0.04698,22317.1028,1786384799999
1786384800000,0.04758,0.04768,0.04758,0.04768,1145.33424,1786391999999
1786392000000,0.04744,0.04744,0.04715,0.04715,4219.31007,1786399199999
